site,season,burned,tsf,ndvi_abs,ndvi_het
AG-CH,15_1,prefire,-10,0.219,0.0173
AU-TR,15_1,prefire,-10,0.242,0.0278
BO-SP,15_1,prefire,-10,0.226,0.0232
BO-TR,15_1,prefire,-10,0.22,0.0249
CG-001,15_1,prefire,-22,0.254,0.0655
CG-002,15_1,prefire,-22,0.265,0.0318
CG-003,15_1,prefire,-22,0.272,0.0413
CG-004,15_1,prefire,-22,0.264,0.0317
CG-005,15_1,prefire,-22,0.263,0.0372
CG-006,15_1,prefire,-22,0.246,0.0363
CG-016,15_1,prefire,-22,0.292,0.0441
CG-017,15_1,prefire,-22,0.219,0.0452
CG-018,15_1,prefire,-22,0.26,0.0388
CG-019,15_1,prefire,-22,0.232,0.0319
CG-020,15_1,prefire,-22,0.276,0.0386
CG-029,15_1,prefire,-22,0.3,0.0488
CG-030,15_1,prefire,-22,0.306,0.0365
CG-031,15_1,prefire,-22,0.28,0.0413
CG-033,15_1,prefire,-22,0.289,0.0398
CG-042,15_1,prefire,-22,0.277,0.0397
CG-044,15_1,prefire,-22,0.308,0.0398
CG-045,15_1,prefire,-22,0.287,0.0452
CG-047,15_1,prefire,-22,0.264,0.0437
CG-048,15_1,prefire,-22,0.293,0.0274
CG-056,15_1,prefire,-22,0.273,0.0479
CG-057,15_1,prefire,-22,0.293,0.0451
CG-058,15_1,prefire,-22,0.289,0.061
CG-059,15_1,prefire,-22,0.332,0.0281
CG-069,15_1,prefire,-22,0.321,0.0433
CG-070,15_1,prefire,-22,0.285,0.0362
CG-071,15_1,prefire,-22,0.298,0.0344
CG-073,15_1,prefire,-22,0.289,0.0365
CG-074,15_1,prefire,-22,0.229,0.0486
CG-075,15_1,prefire,-22,0.281,0.0322
CG-084,15_1,prefire,-22,0.313,0.0353
CG-085,15_1,prefire,-22,0.289,0.032
CG-088,15_1,prefire,-22,0.29,0.044
CG-089,15_1,prefire,-22,0.27,0.029
CG-090,15_1,prefire,-22,0.269,0.0405
CG-092,15_1,prefire,-22,0.278,0.0311
CG-096,15_1,prefire,-22,0.261,0.0269
CG-097,15_1,prefire,-22,0.299,0.0381
CG-098,15_1,prefire,-22,0.258,0.0334
CG-102,15_1,prefire,-22,0.301,0.0407
CG-103,15_1,prefire,-22,0.253,0.0345
CO-TR,15_1,prefire,-10,0.273,0.0353
DO-CA3,15_1,prefire,-10,0.21,0.0207
DR-SP2,15_1,prefire,-10,0.231,0.0246
EA-MW2,15_1,prefire,-10,0.185,0.039
FR-RO,15_1,prefire,-10,0.218,0.0306
GY-FO,15_1,prefire,-10,0.207,0.0164
IR-ME1,15_1,prefire,-10,0.207,0.0175
IRC01,15_1,prefire,-10,0.253,0.0645
IRC02,15_1,prefire,-10,0.255,0.0347
IRC03,15_1,prefire,-10,0.236,0.0261
IRC04,15_1,prefire,-10,0.209,0.0298
IRC05,15_1,prefire,-10,0.199,0.0225
IRC06,15_1,prefire,-10,0.199,0.0249
IRC07,15_1,prefire,-10,0.202,0.0236
IRC09,15_1,prefire,-10,0.222,0.0317
IRC10,15_1,prefire,-10,0.244,0.0303
IRC12,15_1,prefire,-10,0.208,0.026
IRC13,15_1,prefire,-10,0.21,0.0215
LI-ME2,15_1,prefire,-10,0.218,0.0146
LO-WE2,15_1,prefire,-10,0.219,0.0213
MO-FR1,15_1,prefire,-10,0.22,0.0256
OR-LO,15_1,prefire,-10,0.233,0.0483
OV-TR,15_1,prefire,-10,0.206,0.0362
RO-CA2,15_1,prefire,-10,0.19,0.0203
SO-GY,15_1,prefire,-10,0.196,0.0166
UP-WE,15_1,prefire,-10,0.23,0.0243
WE-TR1,15_1,prefire,-10,0.231,0.0224
WE-TR3,15_1,prefire,-10,0.232,0.0237
AG-CH,15_2,prefire,-9,0.157,0.0239
AU-TR,15_2,prefire,-9,0.168,0.0306
BO-SP,15_2,prefire,-9,0.148,0.026
BO-TR,15_2,prefire,-9,0.158,0.0241
CG-001,15_2,prefire,-21,0.259,0.088
CG-002,15_2,prefire,-21,0.23,0.0548
CG-003,15_2,prefire,-21,0.25,0.0703
CG-004,15_2,prefire,-21,0.299,0.0335
CG-005,15_2,prefire,-21,0.28,0.0365
CG-006,15_2,prefire,-21,0.301,0.0356
CG-016,15_2,prefire,-21,0.3,0.0489
CG-017,15_2,prefire,-21,0.227,0.0498
CG-018,15_2,prefire,-21,0.332,0.0237
CG-019,15_2,prefire,-21,0.248,0.0387
CG-020,15_2,prefire,-21,0.288,0.0408
CG-029,15_2,prefire,-21,0.321,0.0522
CG-030,15_2,prefire,-21,0.328,0.0369
CG-031,15_2,prefire,-21,0.323,0.0345
CG-033,15_2,prefire,-21,0.303,0.0408
CG-042,15_2,prefire,-21,0.286,0.0319
CG-044,15_2,prefire,-21,0.328,0.0462
CG-045,15_2,prefire,-21,0.335,0.0357
CG-047,15_2,prefire,-21,0.326,0.031
CG-048,15_2,prefire,-21,0.305,0.0404
CG-056,15_2,prefire,-21,0.323,0.0522
CG-057,15_2,prefire,-21,0.322,0.0291
CG-058,15_2,prefire,-21,0.332,0.0447
CG-059,15_2,prefire,-21,0.352,0.0254
CG-069,15_2,prefire,-21,0.332,0.0261
CG-070,15_2,prefire,-21,0.309,0.0349
CG-071,15_2,prefire,-21,0.325,0.0275
CG-073,15_2,prefire,-21,0.313,0.0324
CG-074,15_2,prefire,-21,0.326,0.0329
CG-075,15_2,prefire,-21,0.312,0.0364
CG-084,15_2,prefire,-21,0.349,0.0284
CG-085,15_2,prefire,-21,0.333,0.0321
CG-088,15_2,prefire,-21,0.302,0.0366
CG-089,15_2,prefire,-21,0.322,0.0314
CG-090,15_2,prefire,-21,0.289,0.0371
CG-092,15_2,prefire,-21,0.312,0.0483
CG-096,15_2,prefire,-21,0.291,0.0375
CG-097,15_2,prefire,-21,0.233,0.0857
CG-098,15_2,prefire,-21,0.273,0.0578
CG-102,15_2,prefire,-21,0.276,0.059
CG-103,15_2,prefire,-21,0.269,0.0582
CO-TR,15_2,prefire,-9,0.16,0.0207
DO-CA3,15_2,prefire,-9,0.164,0.0246
DR-SP2,15_2,prefire,-9,0.156,0.0241
EA-MW2,15_2,prefire,-9,0.142,0.0299
FR-RO,15_2,prefire,-9,0.167,0.0256
GY-FO,15_2,prefire,-9,0.162,0.0135
IR-ME1,15_2,prefire,-9,0.164,0.0194
IRC01,15_2,prefire,-9,0.136,0.023
IRC02,15_2,prefire,-9,0.166,0.0317
IRC03,15_2,prefire,-9,0.166,0.0293
IRC04,15_2,prefire,-9,0.154,0.021
IRC05,15_2,prefire,-9,0.153,0.0243
IRC06,15_2,prefire,-9,0.164,0.026
IRC07,15_2,prefire,-9,0.167,0.0246
IRC09,15_2,prefire,-9,0.149,0.0195
IRC10,15_2,prefire,-9,0.168,0.024
IRC12,15_2,prefire,-9,0.171,0.0347
IRC13,15_2,prefire,-9,0.149,0.0182
LI-ME2,15_2,prefire,-9,0.157,0.0179
LO-WE2,15_2,prefire,-9,0.175,0.0281
MO-FR1,15_2,prefire,-9,0.167,0.0251
OR-LO,15_2,prefire,-9,0.154,0.0397
OV-TR,15_2,prefire,-9,0.144,0.0244
RO-CA2,15_2,prefire,-9,0.149,0.016
SO-GY,15_2,prefire,-9,0.164,0.0201
UP-WE,15_2,prefire,-9,0.163,0.025
WE-TR1,15_2,prefire,-9,0.185,0.0317
WE-TR3,15_2,prefire,-9,0.167,0.029
AG-CH,15_3,prefire,-8,0.178,0.0292
AU-TR,15_3,prefire,-8,0.166,0.031
BO-SP,15_3,prefire,-8,0.172,0.0304
BO-TR,15_3,prefire,-8,0.185,0.0291
CG-001,15_3,prefire,-20,0.187,0.0538
CG-002,15_3,prefire,-20,0.187,0.046
CG-003,15_3,prefire,-20,0.194,0.063
CG-004,15_3,prefire,-20,0.279,0.0456
CG-005,15_3,prefire,-20,0.242,0.0489
CG-006,15_3,prefire,-20,0.24,0.061
CG-016,15_3,prefire,-20,0.266,0.0628
CG-017,15_3,prefire,-20,0.211,0.0501
CG-018,15_3,prefire,-20,0.303,0.0486
CG-019,15_3,prefire,-20,0.208,0.0406
CG-020,15_3,prefire,-20,0.248,0.0551
CG-029,15_3,prefire,-20,0.29,0.0669
CG-030,15_3,prefire,-20,0.301,0.0546
CG-031,15_3,prefire,-20,0.274,0.0617
CG-033,15_3,prefire,-20,0.275,0.0583
CG-042,15_3,prefire,-20,0.253,0.0576
CG-044,15_3,prefire,-20,0.306,0.0519
CG-045,15_3,prefire,-20,0.257,0.0789
CG-047,15_3,prefire,-20,0.284,0.0526
CG-048,15_3,prefire,-20,0.27,0.045
CG-056,15_3,prefire,-20,0.226,0.0634
CG-057,15_3,prefire,-20,0.285,0.0741
CG-058,15_3,prefire,-20,0.264,0.1103
CG-059,15_3,prefire,-20,0.335,0.0476
CG-069,15_3,prefire,-20,0.307,0.064
CG-070,15_3,prefire,-20,0.265,0.0721
CG-071,15_3,prefire,-20,0.297,0.0559
CG-073,15_3,prefire,-20,0.28,0.0594
CG-074,15_3,prefire,-20,0.303,0.0605
CG-075,15_3,prefire,-20,0.286,0.0449
CG-084,15_3,prefire,-20,0.331,0.0473
CG-085,15_3,prefire,-20,0.276,0.0556
CG-088,15_3,prefire,-20,0.261,0.0672
CG-089,15_3,prefire,-20,0.261,0.052
CG-090,15_3,prefire,-20,0.247,0.067
CG-092,15_3,prefire,-20,0.278,0.0624
CG-096,15_3,prefire,-20,0.234,0.0464
CG-097,15_3,prefire,-20,0.215,0.0928
CG-098,15_3,prefire,-20,0.26,0.0655
CG-102,15_3,prefire,-20,0.22,0.0575
CG-103,15_3,prefire,-20,0.222,0.0616
CO-TR,15_3,prefire,-8,0.154,0.0298
DO-CA3,15_3,prefire,-8,0.156,0.0292
DR-SP2,15_3,prefire,-8,0.148,0.0262
EA-MW2,15_3,prefire,-8,0.146,0.0326
FR-RO,15_3,prefire,-8,0.173,0.027
GY-FO,15_3,prefire,-8,0.156,0.0172
IR-ME1,15_3,prefire,-8,0.174,0.0209
IRC01,15_3,prefire,-8,0.149,0.0369
IRC02,15_3,prefire,-8,0.156,0.0337
IRC03,15_3,prefire,-8,0.168,0.0287
IRC04,15_3,prefire,-8,0.162,0.0229
IRC05,15_3,prefire,-8,0.158,0.0269
IRC06,15_3,prefire,-8,0.171,0.027
IRC07,15_3,prefire,-8,0.169,0.0235
IRC09,15_3,prefire,-8,0.178,0.023
IRC10,15_3,prefire,-8,0.174,0.0256
IRC12,15_3,prefire,-8,0.174,0.0317
IRC13,15_3,prefire,-8,0.154,0.0199
LI-ME2,15_3,prefire,-8,0.16,0.0195
LO-WE2,15_3,prefire,-8,0.171,0.028
MO-FR1,15_3,prefire,-8,0.178,0.0247
OR-LO,15_3,prefire,-8,0.178,0.0491
OV-TR,15_3,prefire,-8,0.152,0.0278
RO-CA2,15_3,prefire,-8,0.168,0.0265
SO-GY,15_3,prefire,-8,0.16,0.0225
UP-WE,15_3,prefire,-8,0.164,0.0312
WE-TR1,15_3,prefire,-8,0.182,0.0333
WE-TR3,15_3,prefire,-8,0.166,0.0339
AG-CH,15_4,prefire,-7,0.175,0.0408
AU-TR,15_4,prefire,-7,0.167,0.0384
BO-SP,15_4,prefire,-7,0.191,0.0358
BO-TR,15_4,prefire,-7,0.182,0.0382
CG-001,15_4,prefire,-19,0.26,0.0905
CG-002,15_4,prefire,-19,0.241,0.0552
CG-003,15_4,prefire,-19,0.202,0.069
CG-004,15_4,prefire,-19,0.262,0.0464
CG-005,15_4,prefire,-19,0.229,0.0501
CG-006,15_4,prefire,-19,0.205,0.0638
CG-016,15_4,prefire,-19,0.255,0.0638
CG-017,15_4,prefire,-19,0.204,0.0504
CG-018,15_4,prefire,-19,0.297,0.0526
CG-019,15_4,prefire,-19,0.19,0.0431
CG-020,15_4,prefire,-19,0.247,0.0657
CG-029,15_4,prefire,-19,0.284,0.0624
CG-030,15_4,prefire,-19,0.281,0.0583
CG-031,15_4,prefire,-19,0.248,0.0657
CG-033,15_4,prefire,-19,0.248,0.0618
CG-042,15_4,prefire,-19,0.245,0.063
CG-044,15_4,prefire,-19,0.281,0.0476
CG-045,15_4,prefire,-19,0.233,0.0868
CG-047,15_4,prefire,-19,0.249,0.0538
CG-048,15_4,prefire,-19,0.243,0.0465
CG-056,15_4,prefire,-19,0.206,0.0646
CG-057,15_4,prefire,-19,0.265,0.0788
CG-058,15_4,prefire,-19,0.242,0.1239
CG-059,15_4,prefire,-19,0.321,0.0501
CG-069,15_4,prefire,-19,0.303,0.0715
CG-070,15_4,prefire,-19,0.25,0.0741
CG-071,15_4,prefire,-19,0.282,0.0629
CG-073,15_4,prefire,-19,0.249,0.0647
CG-074,15_4,prefire,-19,0.281,0.0647
CG-075,15_4,prefire,-19,0.267,0.0503
CG-084,15_4,prefire,-19,0.283,0.0439
CG-085,15_4,prefire,-19,0.262,0.0602
CG-088,15_4,prefire,-19,0.263,0.0547
CG-089,15_4,prefire,-19,0.251,0.0496
CG-090,15_4,prefire,-19,0.236,0.0728
CG-092,15_4,prefire,-19,0.27,0.0613
CG-096,15_4,prefire,-19,0.245,0.0374
CG-097,15_4,prefire,-19,0.242,0.0706
CG-098,15_4,prefire,-19,0.258,0.0588
CG-102,15_4,prefire,-19,0.242,0.0415
CG-103,15_4,prefire,-19,0.222,0.0543
CO-TR,15_4,prefire,-7,0.179,0.0506
DO-CA3,15_4,prefire,-7,0.123,0.0594
DR-SP2,15_4,prefire,-7,0.15,0.0651
EA-MW2,15_4,prefire,-7,0.124,0.0335
FR-RO,15_4,prefire,-7,0.147,0.0373
GY-FO,15_4,prefire,-7,0.137,0.0321
IR-ME1,15_4,prefire,-7,0.165,0.0392
IRC01,15_4,prefire,-7,0.139,0.0411
IRC02,15_4,prefire,-7,0.161,0.0455
IRC03,15_4,prefire,-7,0.165,0.039
IRC04,15_4,prefire,-7,0.157,0.0297
IRC05,15_4,prefire,-7,0.149,0.0276
IRC06,15_4,prefire,-7,0.163,0.0367
IRC07,15_4,prefire,-7,0.15,0.0388
IRC09,15_4,prefire,-7,0.177,0.0398
IRC10,15_4,prefire,-7,0.174,0.0378
IRC12,15_4,prefire,-7,0.157,0.0372
IRC13,15_4,prefire,-7,0.146,0.0272
LI-ME2,15_4,prefire,-7,0.158,0.0386
LO-WE2,15_4,prefire,-7,0.148,0.0372
MO-FR1,15_4,prefire,-7,0.151,0.0387
OR-LO,15_4,prefire,-7,0.145,0.0542
OV-TR,15_4,prefire,-7,0.132,0.0356
RO-CA2,15_4,prefire,-7,0.144,0.0494
SO-GY,15_4,prefire,-7,0.135,0.0457
UP-WE,15_4,prefire,-7,0.142,0.0397
WE-TR1,15_4,prefire,-7,0.164,0.0401
WE-TR3,15_4,prefire,-7,0.152,0.0409
AG-CH,16_1,prefire,-6,0.229,0.025
AU-TR,16_1,prefire,-6,0.23,0.0343
BO-SP,16_1,prefire,-6,0.228,0.0352
BO-TR,16_1,prefire,-6,0.237,0.035
CG-001,16_1,prefire,-18,0.244,0.0618
CG-002,16_1,prefire,-18,0.231,0.0263
CG-003,16_1,prefire,-18,0.267,0.0498
CG-004,16_1,prefire,-18,0.23,0.0288
CG-005,16_1,prefire,-18,0.17,0.0229
CG-006,16_1,prefire,-18,0.172,0.0117
CG-016,16_1,prefire,-18,0.259,0.0392
CG-017,16_1,prefire,-18,0.189,0.0442
CG-018,16_1,prefire,-18,0.229,0.022
CG-019,16_1,prefire,-18,0.175,0.017
CG-020,16_1,prefire,-18,0.178,0.0172
CG-029,16_1,prefire,-18,0.31,0.0449
CG-030,16_1,prefire,-18,0.292,0.0399
CG-031,16_1,prefire,-18,0.215,0.0365
CG-033,16_1,prefire,-18,0.184,0.0163
CG-042,16_1,prefire,-18,0.261,0.0374
CG-044,16_1,prefire,-18,0.284,0.0351
CG-045,16_1,prefire,-18,0.264,0.0452
CG-047,16_1,prefire,-18,0.242,0.0353
CG-048,16_1,prefire,-18,0.205,0.0216
CG-056,16_1,prefire,-18,0.275,0.0492
CG-057,16_1,prefire,-18,0.287,0.0453
CG-058,16_1,prefire,-18,0.297,0.066
CG-059,16_1,prefire,-18,0.332,0.0302
CG-069,16_1,prefire,-18,0.305,0.0397
CG-070,16_1,prefire,-18,0.281,0.041
CG-071,16_1,prefire,-18,0.303,0.0375
CG-073,16_1,prefire,-18,0.275,0.0393
CG-074,16_1,prefire,-18,0.291,0.0368
CG-075,16_1,prefire,-18,0.253,0.0369
CG-084,16_1,prefire,-18,0.316,0.029
CG-085,16_1,prefire,-18,0.284,0.0382
CG-088,16_1,prefire,-18,0.287,0.0537
CG-089,16_1,prefire,-18,0.284,0.0364
CG-090,16_1,prefire,-18,0.265,0.0405
CG-092,16_1,prefire,-18,0.292,0.0347
CG-096,16_1,prefire,-18,0.268,0.0274
CG-097,16_1,prefire,-18,0.281,0.0462
CG-098,16_1,prefire,-18,0.277,0.0375
CG-102,16_1,prefire,-18,0.297,0.0383
CG-103,16_1,prefire,-18,0.263,0.0334
CO-TR,16_1,prefire,-6,0.213,0.0304
DO-CA3,16_1,prefire,-6,0.188,0.0607
DR-SP2,16_1,prefire,-6,0.238,0.0409
EA-MW2,16_1,prefire,-6,0.175,0.0405
FR-RO,16_1,prefire,-6,0.201,0.0315
GY-FO,16_1,prefire,-6,0.191,0.017
IR-ME1,16_1,prefire,-6,0.217,0.026
IRC01,16_1,prefire,-6,0.16,0.0347
IRC02,16_1,prefire,-6,0.217,0.0323
IRC03,16_1,prefire,-6,0.221,0.034
IRC04,16_1,prefire,-6,0.214,0.0371
IRC05,16_1,prefire,-6,0.197,0.0331
IRC06,16_1,prefire,-6,0.213,0.0375
IRC07,16_1,prefire,-6,0.223,0.0352
IRC09,16_1,prefire,-6,0.215,0.029
IRC10,16_1,prefire,-6,0.231,0.0309
IRC12,16_1,prefire,-6,0.21,0.0383
IRC13,16_1,prefire,-6,0.218,0.0247
LI-ME2,16_1,prefire,-6,0.249,0.0259
LO-WE2,16_1,prefire,-6,0.212,0.0306
MO-FR1,16_1,prefire,-6,0.205,0.0275
OR-LO,16_1,prefire,-6,0.184,0.0371
OV-TR,16_1,prefire,-6,0.203,0.0402
RO-CA2,16_1,prefire,-6,0.205,0.0238
SO-GY,16_1,prefire,-6,0.208,0.0252
UP-WE,16_1,prefire,-6,0.21,0.0295
WE-TR1,16_1,prefire,-6,0.227,0.0344
WE-TR3,16_1,prefire,-6,0.215,0.0314
AG-CH,16_2,prefire,-5,0.172,0.0151
AU-TR,16_2,prefire,-5,0.182,0.0296
BO-SP,16_2,prefire,-5,0.162,0.0211
BO-TR,16_2,prefire,-5,0.168,0.021
CG-001,16_2,prefire,-17,0.246,0.0897
CG-002,16_2,prefire,-17,0.197,0.0463
CG-003,16_2,prefire,-17,0.221,0.0622
CG-004,16_2,prefire,-17,0.293,0.0368
CG-005,16_2,prefire,-17,0.268,0.0392
CG-006,16_2,prefire,-17,0.277,0.0379
CG-016,16_2,prefire,-17,0.289,0.0497
CG-017,16_2,prefire,-17,0.232,0.0514
CG-018,16_2,prefire,-17,0.313,0.0276
CG-019,16_2,prefire,-17,0.23,0.0374
CG-020,16_2,prefire,-17,0.273,0.0397
CG-029,16_2,prefire,-17,0.326,0.0457
CG-030,16_2,prefire,-17,0.337,0.0379
CG-031,16_2,prefire,-17,0.304,0.0372
CG-033,16_2,prefire,-17,0.294,0.0453
CG-042,16_2,prefire,-17,0.283,0.035
CG-044,16_2,prefire,-17,0.34,0.0449
CG-045,16_2,prefire,-17,0.313,0.043
CG-047,16_2,prefire,-17,0.313,0.0352
CG-048,16_2,prefire,-17,0.301,0.0385
CG-056,16_2,prefire,-17,0.291,0.0498
CG-057,16_2,prefire,-17,0.319,0.0398
CG-058,16_2,prefire,-17,0.326,0.0535
CG-059,16_2,prefire,-17,0.351,0.0276
CG-069,16_2,prefire,-17,0.336,0.0333
CG-070,16_2,prefire,-17,0.31,0.0374
CG-071,16_2,prefire,-17,0.333,0.0324
CG-073,16_2,prefire,-17,0.307,0.0383
CG-074,16_2,prefire,-17,0.342,0.034
CG-075,16_2,prefire,-17,0.322,0.0356
CG-084,16_2,prefire,-17,0.356,0.0291
CG-085,16_2,prefire,-17,0.334,0.0351
CG-088,16_2,prefire,-17,0.304,0.0381
CG-089,16_2,prefire,-17,0.314,0.0342
CG-090,16_2,prefire,-17,0.301,0.0406
CG-092,16_2,prefire,-17,0.333,0.0415
CG-096,16_2,prefire,-17,0.286,0.0337
CG-097,16_2,prefire,-17,0.269,0.0694
CG-098,16_2,prefire,-17,0.304,0.046
CG-102,16_2,prefire,-17,0.272,0.0484
CG-103,16_2,prefire,-17,0.287,0.0446
CO-TR,16_2,prefire,-5,0.172,0.0189
DO-CA3,16_2,prefire,-5,0.177,0.0241
DR-SP2,16_2,prefire,-5,0.164,0.025
EA-MW2,16_2,prefire,-5,0.153,0.0296
FR-RO,16_2,prefire,-5,0.175,0.0276
GY-FO,16_2,prefire,-5,0.168,0.0138
IR-ME1,16_2,prefire,-5,0.178,0.0205
IRC01,16_2,prefire,-5,0.138,0.0238
IRC02,16_2,prefire,-5,0.174,0.0292
IRC03,16_2,prefire,-5,0.177,0.0282
IRC04,16_2,prefire,-5,0.176,0.0237
IRC05,16_2,prefire,-5,0.172,0.024
IRC06,16_2,prefire,-5,0.182,0.0262
IRC07,16_2,prefire,-5,0.18,0.0255
IRC09,16_2,prefire,-5,0.159,0.0166
IRC10,16_2,prefire,-5,0.186,0.0243
IRC12,16_2,prefire,-5,0.18,0.036
IRC13,16_2,prefire,-5,0.173,0.0176
LI-ME2,16_2,prefire,-5,0.19,0.0208
LO-WE2,16_2,prefire,-5,0.178,0.0317
MO-FR1,16_2,prefire,-5,0.175,0.0276
OR-LO,16_2,prefire,-5,0.153,0.0358
OV-TR,16_2,prefire,-5,0.156,0.0252
RO-CA2,16_2,prefire,-5,0.164,0.0177
SO-GY,16_2,prefire,-5,0.176,0.0204
UP-WE,16_2,prefire,-5,0.169,0.0243
WE-TR1,16_2,prefire,-5,0.19,0.0352
WE-TR3,16_2,prefire,-5,0.172,0.03
AG-CH,16_3,prefire,-4,0.147,0.0264
AU-TR,16_3,prefire,-4,0.144,0.0289
BO-SP,16_3,prefire,-4,0.138,0.0258
BO-TR,16_3,prefire,-4,0.142,0.0254
CG-001,16_3,prefire,-16,0.215,0.0673
CG-002,16_3,prefire,-16,0.183,0.0402
CG-003,16_3,prefire,-16,0.201,0.0558
CG-004,16_3,prefire,-16,0.29,0.0416
CG-005,16_3,prefire,-16,0.257,0.0442
CG-006,16_3,prefire,-16,0.254,0.0446
CG-016,16_3,prefire,-16,0.278,0.054
CG-017,16_3,prefire,-16,0.226,0.0493
CG-018,16_3,prefire,-16,0.301,0.0359
CG-019,16_3,prefire,-16,0.22,0.0376
CG-020,16_3,prefire,-16,0.263,0.0441
CG-029,16_3,prefire,-16,0.313,0.0504
CG-030,16_3,prefire,-16,0.325,0.0438
CG-031,16_3,prefire,-16,0.29,0.0453
CG-033,16_3,prefire,-16,0.288,0.0505
CG-042,16_3,prefire,-16,0.274,0.0435
CG-044,16_3,prefire,-16,0.333,0.0462
CG-045,16_3,prefire,-16,0.286,0.0568
CG-047,16_3,prefire,-16,0.302,0.0417
CG-048,16_3,prefire,-16,0.29,0.0383
CG-056,16_3,prefire,-16,0.259,0.0539
CG-057,16_3,prefire,-16,0.307,0.055
CG-058,16_3,prefire,-16,0.302,0.0765
CG-059,16_3,prefire,-16,0.344,0.0355
CG-069,16_3,prefire,-16,0.327,0.0471
CG-070,16_3,prefire,-16,0.296,0.0496
CG-071,16_3,prefire,-16,0.323,0.0414
CG-073,16_3,prefire,-16,0.296,0.0463
CG-074,16_3,prefire,-16,0.332,0.0429
CG-075,16_3,prefire,-16,0.31,0.0383
CG-084,16_3,prefire,-16,0.344,0.0357
CG-085,16_3,prefire,-16,0.311,0.0441
CG-088,16_3,prefire,-16,0.29,0.0516
CG-089,16_3,prefire,-16,0.291,0.0399
CG-090,16_3,prefire,-16,0.285,0.05
CG-092,16_3,prefire,-16,0.32,0.0454
CG-096,16_3,prefire,-16,0.269,0.0361
CG-097,16_3,prefire,-16,0.263,0.0683
CG-098,16_3,prefire,-16,0.3,0.0462
CG-102,16_3,prefire,-16,0.257,0.0467
CG-103,16_3,prefire,-16,0.267,0.0448
CO-TR,16_3,prefire,-4,0.136,0.0221
DO-CA3,16_3,prefire,-4,0.132,0.0336
DR-SP2,16_3,prefire,-4,0.118,0.029
EA-MW2,16_3,prefire,-4,0.127,0.0287
FR-RO,16_3,prefire,-4,0.143,0.0303
GY-FO,16_3,prefire,-4,0.145,0.025
IR-ME1,16_3,prefire,-4,0.149,0.0224
IRC01,16_3,prefire,-4,0.112,0.026
IRC02,16_3,prefire,-4,0.144,0.0338
IRC03,16_3,prefire,-4,0.14,0.0291
IRC04,16_3,prefire,-4,0.144,0.0223
IRC05,16_3,prefire,-4,0.145,0.0233
IRC06,16_3,prefire,-4,0.153,0.0254
IRC07,16_3,prefire,-4,0.149,0.0237
IRC09,16_3,prefire,-4,0.13,0.0215
IRC10,16_3,prefire,-4,0.148,0.0247
IRC12,16_3,prefire,-4,0.15,0.0287
IRC13,16_3,prefire,-4,0.14,0.0181
LI-ME2,16_3,prefire,-4,0.149,0.0274
LO-WE2,16_3,prefire,-4,0.145,0.034
MO-FR1,16_3,prefire,-4,0.145,0.0299
OR-LO,16_3,prefire,-4,0.127,0.0386
OV-TR,16_3,prefire,-4,0.123,0.0255
RO-CA2,16_3,prefire,-4,0.127,0.0298
SO-GY,16_3,prefire,-4,0.139,0.0329
UP-WE,16_3,prefire,-4,0.136,0.0286
WE-TR1,16_3,prefire,-4,0.158,0.0364
WE-TR3,16_3,prefire,-4,0.142,0.0309
AG-CH,16_4,prefire,-3,0.142,0.0314
AU-TR,16_4,prefire,-3,0.151,0.0381
BO-SP,16_4,prefire,-3,0.145,0.0271
BO-TR,16_4,prefire,-3,0.147,0.0294
CG-001,16_4,prefire,-15,0.254,0.0917
CG-002,16_4,prefire,-15,0.255,0.0748
CG-003,16_4,prefire,-15,0.2,0.0728
CG-004,16_4,prefire,-15,0.269,0.0607
CG-005,16_4,prefire,-15,0.227,0.0614
CG-006,16_4,prefire,-15,0.192,0.0806
CG-016,16_4,prefire,-15,0.26,0.0752
CG-017,16_4,prefire,-15,0.219,0.0549
CG-018,16_4,prefire,-15,0.286,0.0691
CG-019,16_4,prefire,-15,0.187,0.0533
CG-020,16_4,prefire,-15,0.247,0.0803
CG-029,16_4,prefire,-15,0.291,0.0785
CG-030,16_4,prefire,-15,0.302,0.0701
CG-031,16_4,prefire,-15,0.239,0.0878
CG-033,16_4,prefire,-15,0.255,0.0765
CG-042,16_4,prefire,-15,0.259,0.0901
CG-044,16_4,prefire,-15,0.311,0.0578
CG-045,16_4,prefire,-15,0.2,0.1091
CG-047,16_4,prefire,-15,0.249,0.0765
CG-048,16_4,prefire,-15,0.254,0.0641
CG-056,16_4,prefire,-15,0.202,0.0836
CG-057,16_4,prefire,-15,0.272,0.0992
CG-058,16_4,prefire,-15,0.228,0.1487
CG-059,16_4,prefire,-15,0.335,0.0667
CG-069,16_4,prefire,-15,0.324,0.0964
CG-070,16_4,prefire,-15,0.244,0.1051
CG-071,16_4,prefire,-15,0.293,0.0816
CG-073,16_4,prefire,-15,0.252,0.0833
CG-074,16_4,prefire,-15,0.302,0.0927
CG-075,16_4,prefire,-15,0.287,0.0627
CG-084,16_4,prefire,-15,0.329,0.0649
CG-085,16_4,prefire,-15,0.259,0.0801
CG-088,16_4,prefire,-15,0.277,0.0972
CG-089,16_4,prefire,-15,0.228,0.0739
CG-090,16_4,prefire,-15,0.238,0.0977
CG-092,16_4,prefire,-15,0.29,0.0814
CG-096,16_4,prefire,-15,0.233,0.0736
CG-097,16_4,prefire,-15,0.292,0.0786
CG-098,16_4,prefire,-15,0.287,0.0694
CG-102,16_4,prefire,-15,0.245,0.0602
CG-103,16_4,prefire,-15,0.239,0.0729
CO-TR,16_4,prefire,-3,0.144,0.0318
DO-CA3,16_4,prefire,-3,0.123,0.0556
DR-SP2,16_4,prefire,-3,0.116,0.0428
EA-MW2,16_4,prefire,-3,0.118,0.0309
FR-RO,16_4,prefire,-3,0.13,0.034
GY-FO,16_4,prefire,-3,0.132,0.0317
IR-ME1,16_4,prefire,-3,0.148,0.0337
IRC01,16_4,prefire,-3,0.121,0.0299
IRC02,16_4,prefire,-3,0.136,0.0342
IRC03,16_4,prefire,-3,0.147,0.0374
IRC04,16_4,prefire,-3,0.151,0.0283
IRC05,16_4,prefire,-3,0.147,0.0274
IRC06,16_4,prefire,-3,0.153,0.0328
IRC07,16_4,prefire,-3,0.149,0.0361
IRC09,16_4,prefire,-3,0.151,0.0318
IRC10,16_4,prefire,-3,0.156,0.0323
IRC12,16_4,prefire,-3,0.145,0.0341
IRC13,16_4,prefire,-3,0.134,0.0232
LI-ME2,16_4,prefire,-3,0.148,0.0372
LO-WE2,16_4,prefire,-3,0.142,0.0378
MO-FR1,16_4,prefire,-3,0.131,0.034
OR-LO,16_4,prefire,-3,0.123,0.0476
OV-TR,16_4,prefire,-3,0.129,0.0306
RO-CA2,16_4,prefire,-3,0.123,0.0407
SO-GY,16_4,prefire,-3,0.128,0.0425
UP-WE,16_4,prefire,-3,0.134,0.0356
WE-TR1,16_4,prefire,-3,0.157,0.0407
WE-TR3,16_4,prefire,-3,0.142,0.0383
AG-CH,17_1,prefire,-2,0.338,0.0302
AU-TR,17_1,prefire,-2,0.315,0.0435
BO-SP,17_1,prefire,-2,0.334,0.0319
BO-TR,17_1,prefire,-2,0.323,0.056
CG-001,17_1,prefire,-14,0.317,0.0833
CG-002,17_1,prefire,-14,0.347,0.0307
CG-003,17_1,prefire,-14,0.341,0.0453
CG-004,17_1,prefire,-14,0.311,0.0348
CG-005,17_1,prefire,-14,0.29,0.0319
CG-006,17_1,prefire,-14,0.28,0.0311
CG-016,17_1,prefire,-14,0.318,0.0391
CG-017,17_1,prefire,-14,0.242,0.0474
CG-018,17_1,prefire,-14,0.324,0.0263
CG-019,17_1,prefire,-14,0.264,0.0383
CG-020,17_1,prefire,-14,0.313,0.037
CG-029,17_1,prefire,-14,0.328,0.0382
CG-030,17_1,prefire,-14,0.329,0.035
CG-031,17_1,prefire,-14,0.304,0.0336
CG-033,17_1,prefire,-14,0.306,0.0344
CG-042,17_1,prefire,-14,0.297,0.0304
CG-044,17_1,prefire,-14,0.309,0.0377
CG-045,17_1,prefire,-14,0.315,0.0369
CG-047,17_1,prefire,-14,0.311,0.0322
CG-048,17_1,prefire,-14,0.317,0.0259
CG-056,17_1,prefire,-14,0.347,0.05
CG-057,17_1,prefire,-14,0.316,0.0322
CG-058,17_1,prefire,-14,0.334,0.0458
CG-059,17_1,prefire,-14,0.348,0.0254
CG-069,17_1,prefire,-14,0.343,0.0278
CG-070,17_1,prefire,-14,0.311,0.0364
CG-071,17_1,prefire,-14,0.324,0.0294
CG-073,17_1,prefire,-14,0.304,0.0306
CG-074,17_1,prefire,-14,0.318,0.0277
CG-075,17_1,prefire,-14,0.302,0.03
CG-084,17_1,prefire,-14,0.335,0.024
CG-085,17_1,prefire,-14,0.315,0.0327
CG-088,17_1,prefire,-14,0.327,0.0411
CG-089,17_1,prefire,-14,0.311,0.0314
CG-090,17_1,prefire,-14,0.305,0.0321
CG-092,17_1,prefire,-14,0.318,0.0254
CG-096,17_1,prefire,-14,0.316,0.0265
CG-097,17_1,prefire,-14,0.337,0.0366
CG-098,17_1,prefire,-14,0.308,0.0326
CG-102,17_1,prefire,-14,0.296,0.0665
CG-103,17_1,prefire,-14,0.307,0.0326
CO-TR,17_1,prefire,-2,0.353,0.0372
DO-CA3,17_1,prefire,-2,0.302,0.0368
DR-SP2,17_1,prefire,-2,0.338,0.039
EA-MW2,17_1,prefire,-2,0.244,0.0667
FR-RO,17_1,prefire,-2,0.275,0.0459
GY-FO,17_1,prefire,-2,0.271,0.0237
IR-ME1,17_1,prefire,-2,0.283,0.037
IRC01,17_1,prefire,-2,0.317,0.0968
IRC02,17_1,prefire,-2,0.325,0.0425
IRC03,17_1,prefire,-2,0.305,0.0422
IRC04,17_1,prefire,-2,0.268,0.0493
IRC05,17_1,prefire,-2,0.244,0.0458
IRC06,17_1,prefire,-2,0.259,0.0492
IRC07,17_1,prefire,-2,0.268,0.0456
IRC09,17_1,prefire,-2,0.325,0.0336
IRC10,17_1,prefire,-2,0.313,0.0492
IRC12,17_1,prefire,-2,0.269,0.0497
IRC13,17_1,prefire,-2,0.276,0.0327
LI-ME2,17_1,prefire,-2,0.311,0.0317
LO-WE2,17_1,prefire,-2,0.285,0.0298
MO-FR1,17_1,prefire,-2,0.291,0.0302
OR-LO,17_1,prefire,-2,0.325,0.0431
OV-TR,17_1,prefire,-2,0.275,0.0649
RO-CA2,17_1,prefire,-2,0.306,0.0341
SO-GY,17_1,prefire,-2,0.278,0.0392
UP-WE,17_1,prefire,-2,0.307,0.0298
WE-TR1,17_1,prefire,-2,0.302,0.0272
WE-TR3,17_1,prefire,-2,0.308,0.0282
AG-CH,17_2,prefire,-1,0.213,0.0226
AU-TR,17_2,prefire,-1,0.226,0.0285
BO-SP,17_2,prefire,-1,0.202,0.031
BO-TR,17_2,prefire,-1,0.209,0.033
CG-001,17_2,prefire,-13,0.272,0.0731
CG-002,17_2,prefire,-13,0.252,0.0519
CG-003,17_2,prefire,-13,0.273,0.0659
CG-004,17_2,prefire,-13,0.33,0.0375
CG-005,17_2,prefire,-13,0.313,0.0397
CG-006,17_2,prefire,-13,0.311,0.0294
CG-016,17_2,prefire,-13,0.323,0.0481
CG-017,17_2,prefire,-13,0.248,0.054
CG-018,17_2,prefire,-13,0.348,0.0238
CG-019,17_2,prefire,-13,0.263,0.0411
CG-020,17_2,prefire,-13,0.321,0.0455
CG-029,17_2,prefire,-13,0.349,0.0507
CG-030,17_2,prefire,-13,0.347,0.0362
CG-031,17_2,prefire,-13,0.335,0.0345
CG-033,17_2,prefire,-13,0.333,0.0436
CG-042,17_2,prefire,-13,0.327,0.0342
CG-044,17_2,prefire,-13,0.347,0.0476
CG-045,17_2,prefire,-13,0.345,0.0359
CG-047,17_2,prefire,-13,0.344,0.035
CG-048,17_2,prefire,-13,0.332,0.0392
CG-056,17_2,prefire,-13,0.354,0.0461
CG-057,17_2,prefire,-13,0.345,0.03
CG-058,17_2,prefire,-13,0.36,0.0433
CG-059,17_2,prefire,-13,0.376,0.028
CG-069,17_2,prefire,-13,0.373,0.0257
CG-070,17_2,prefire,-13,0.336,0.0356
CG-071,17_2,prefire,-13,0.347,0.0262
CG-073,17_2,prefire,-13,0.338,0.0329
CG-074,17_2,prefire,-13,0.361,0.0306
CG-075,17_2,prefire,-13,0.34,0.0359
CG-084,17_2,prefire,-13,0.378,0.0267
CG-085,17_2,prefire,-13,0.353,0.0327
CG-088,17_2,prefire,-13,0.34,0.0379
CG-089,17_2,prefire,-13,0.339,0.0311
CG-090,17_2,prefire,-13,0.332,0.0371
CG-092,17_2,prefire,-13,0.351,0.0441
CG-096,17_2,prefire,-13,0.328,0.0361
CG-097,17_2,prefire,-13,0.288,0.0749
CG-098,17_2,prefire,-13,0.323,0.0504
CG-102,17_2,prefire,-13,0.309,0.0558
CG-103,17_2,prefire,0,0.312,0.0543
CO-TR,17_2,prefire,-1,0.224,0.0218
DO-CA3,17_2,prefire,-1,0.226,0.0267
DR-SP2,17_2,prefire,-1,0.214,0.0274
EA-MW2,17_2,prefire,-1,0.192,0.0421
FR-RO,17_2,prefire,-1,0.219,0.0321
GY-FO,17_2,prefire,-1,0.214,0.017
IR-ME1,17_2,prefire,-1,0.212,0.027
IRC01,17_2,prefire,-1,0.181,0.0331
IRC02,17_2,prefire,-1,0.223,0.0316
IRC03,17_2,prefire,-1,0.222,0.0263
IRC04,17_2,prefire,-1,0.201,0.0326
IRC05,17_2,prefire,-1,0.194,0.0294
IRC06,17_2,prefire,-1,0.21,0.0341
IRC07,17_2,prefire,-1,0.209,0.0339
IRC09,17_2,prefire,-1,0.205,0.022
IRC10,17_2,prefire,-1,0.223,0.0275
IRC12,17_2,prefire,-1,0.211,0.0386
IRC13,17_2,prefire,-1,0.206,0.0219
LI-ME2,17_2,prefire,-1,0.226,0.0264
LO-WE2,17_2,prefire,-1,0.227,0.0349
MO-FR1,17_2,prefire,-1,0.224,0.0275
OR-LO,17_2,prefire,-1,0.195,0.0303
OV-TR,17_2,prefire,-1,0.193,0.0389
RO-CA2,17_2,prefire,-1,0.198,0.0236
SO-GY,17_2,prefire,-1,0.216,0.0281
UP-WE,17_2,prefire,-1,0.223,0.0298
WE-TR1,17_2,prefire,-1,0.242,0.0391
WE-TR3,17_2,prefire,-1,0.228,0.0358
AG-CH,17_3,unburned_post,1,0.186,0.0236
AU-TR,17_3,unburned_post,1,0.184,0.0295
BO-SP,17_3,unburned_post,1,0.174,0.0246
BO-TR,17_3,unburned_post,1,0.18,0.0278
CG-001,17_3,prefire,-12,0.219,0.0668
CG-002,17_3,prefire,-12,0.194,0.0411
CG-003,17_3,prefire,-12,0.202,0.0512
CG-004,17_3,prefire,-12,0.297,0.0442
CG-005,17_3,prefire,-12,0.265,0.0467
CG-006,17_3,prefire,-12,0.263,0.0455
CG-016,17_3,prefire,-12,0.279,0.0554
CG-017,17_3,prefire,-12,0.221,0.0482
CG-018,17_3,prefire,-12,0.313,0.0397
CG-019,17_3,prefire,-12,0.228,0.0371
CG-020,17_3,prefire,-12,0.28,0.0502
CG-029,17_3,prefire,-12,0.307,0.0582
CG-030,17_3,prefire,-12,0.314,0.045
CG-031,17_3,prefire,-12,0.295,0.0493
CG-033,17_3,prefire,-12,0.299,0.0526
CG-042,17_3,prefire,-12,0.29,0.0485
CG-044,17_3,prefire,-12,0.313,0.0452
CG-045,17_3,prefire,-12,0.283,0.0597
CG-047,17_3,prefire,-12,0.307,0.043
CG-048,17_3,prefire,-12,0.29,0.0393
CG-056,17_3,prefire,-12,0.254,0.0556
CG-057,17_3,prefire,-12,0.307,0.0591
CG-058,17_3,prefire,-12,0.297,0.0809
CG-059,17_3,prefire,-12,0.347,0.04
CG-069,17_3,prefire,-12,0.332,0.0534
CG-070,17_3,prefire,-12,0.289,0.0519
CG-071,17_3,prefire,-12,0.312,0.0421
CG-073,17_3,prefire,-12,0.299,0.0491
CG-074,17_3,prefire,-12,0.329,0.0455
CG-075,17_3,prefire,-12,0.306,0.0393
CG-084,17_3,prefire,-12,0.346,0.0396
CG-085,17_3,prefire,-12,0.303,0.0493
CG-088,17_3,prefire,-12,0.293,0.0605
CG-089,17_3,prefire,-12,0.285,0.0428
CG-090,17_3,prefire,-12,0.28,0.0586
CG-092,17_3,prefire,-12,0.314,0.0522
CG-096,17_3,prefire,-12,0.268,0.0433
CG-097,17_3,prefire,-12,0.23,0.0883
CG-098,17_3,prefire,-12,0.287,0.058
CG-102,17_3,prefire,-12,0.245,0.0579
CG-103,17_3,prefire,-12,0.244,0.0569
CO-TR,17_3,unburned_post,1,0.182,0.0282
DO-CA3,17_3,unburned_post,1,0.163,0.0404
DR-SP2,17_3,unburned_post,1,0.158,0.0363
EA-MW2,17_3,unburned_post,1,0.146,0.0477
FR-RO,17_3,unburned_post,1,0.179,0.0329
GY-FO,17_3,burned_post,1,0.136,0.0462
IR-ME1,17_3,unburned_post,1,0.179,0.0261
IRC01,17_3,unburned_post,1,0.154,0.0318
IRC02,17_3,unburned_post,1,0.191,0.0339
IRC03,17_3,unburned_post,1,0.183,0.0301
IRC04,17_3,unburned_post,1,0.173,0.0286
IRC05,17_3,unburned_post,1,0.172,0.0275
IRC06,17_3,unburned_post,1,0.183,0.0312
IRC07,17_3,unburned_post,1,0.178,0.0309
IRC09,17_3,unburned_post,1,0.167,0.0245
IRC10,17_3,unburned_post,1,0.185,0.0287
IRC12,17_3,unburned_post,1,0.179,0.0342
IRC13,17_3,unburned_post,1,0.174,0.0215
LI-ME2,17_3,unburned_post,1,0.182,0.0308
LO-WE2,17_3,burned_post,1,0.096,0.0283
MO-FR1,17_3,unburned_post,1,0.185,0.0318
OR-LO,17_3,unburned_post,1,0.171,0.0369
OV-TR,17_3,burned_post,1,0.092,0.0247
RO-CA2,17_3,unburned_post,1,0.169,0.036
SO-GY,17_3,burned_post,1,0.109,0.0353
UP-WE,17_3,burned_post,1,0.097,0.031
WE-TR1,17_3,burned_post,1,0.098,0.0327
WE-TR3,17_3,burned_post,1,0.104,0.0307
AG-CH,17_4,unburned_post,2,0.249,0.0604
AU-TR,17_4,unburned_post,2,0.244,0.0673
BO-SP,17_4,unburned_post,2,0.248,0.0539
BO-TR,17_4,unburned_post,2,0.233,0.0616
CG-001,17_4,prefire,-11,0.177,0.0604
CG-002,17_4,prefire,-11,0.165,0.0509
CG-003,17_4,prefire,-11,0.162,0.0582
CG-004,17_4,prefire,-11,0.286,0.0619
CG-005,17_4,prefire,-11,0.241,0.0633
CG-006,17_4,prefire,-11,0.213,0.0805
CG-016,17_4,prefire,-11,0.259,0.0732
CG-017,17_4,prefire,-11,0.215,0.0526
CG-018,17_4,prefire,-11,0.301,0.0661
CG-019,17_4,prefire,-11,0.193,0.0529
CG-020,17_4,prefire,-11,0.25,0.0712
CG-029,17_4,prefire,-11,0.288,0.0797
CG-030,17_4,prefire,-11,0.294,0.0664
CG-031,17_4,prefire,-11,0.255,0.0828
CG-033,17_4,prefire,-11,0.27,0.0744
CG-042,17_4,prefire,-11,0.27,0.0852
CG-044,17_4,prefire,-11,0.297,0.053
CG-045,17_4,prefire,-11,0.212,0.1005
CG-047,17_4,prefire,-11,0.273,0.0721
CG-048,17_4,prefire,-11,0.252,0.0548
CG-056,17_4,prefire,-11,0.212,0.0815
CG-057,17_4,prefire,-11,0.274,0.092
CG-058,17_4,prefire,-11,0.232,0.1334
CG-059,17_4,prefire,-11,0.341,0.064
CG-069,17_4,prefire,-11,0.328,0.0905
CG-070,17_4,prefire,-11,0.251,0.0938
CG-071,17_4,prefire,-11,0.291,0.0724
CG-073,17_4,prefire,-11,0.273,0.077
CG-074,17_4,prefire,-11,0.31,0.0831
CG-075,17_4,prefire,-11,0.287,0.0579
CG-084,17_4,prefire,-11,0.339,0.0596
CG-085,17_4,prefire,-11,0.253,0.073
CG-088,17_4,prefire,-11,0.275,0.0906
CG-089,17_4,prefire,-11,0.234,0.0672
CG-090,17_4,prefire,-11,0.246,0.0903
CG-092,17_4,prefire,-11,0.284,0.076
CG-096,17_4,prefire,-11,0.235,0.0626
CG-097,17_4,prefire,-11,0.225,0.0801
CG-098,17_4,prefire,-11,0.263,0.0676
CG-102,17_4,prefire,-11,0.22,0.0627
CG-103,17_4,prefire,-11,0.209,0.0696
CO-TR,17_4,unburned_post,2,0.287,0.079
DO-CA3,17_4,unburned_post,2,0.183,0.1118
DR-SP2,17_4,unburned_post,2,0.213,0.0907
EA-MW2,17_4,unburned_post,2,0.171,0.0522
FR-RO,17_4,unburned_post,2,0.203,0.0527
GY-FO,17_4,burned_post,2,0.217,0.0499
IR-ME1,17_4,unburned_post,2,0.211,0.0553
IRC01,17_4,unburned_post,2,0.233,0.0883
IRC02,17_4,unburned_post,2,0.253,0.0863
IRC03,17_4,unburned_post,2,0.234,0.0636
IRC04,17_4,unburned_post,2,0.218,0.053
IRC05,17_4,unburned_post,2,0.194,0.0521
IRC06,17_4,unburned_post,2,0.195,0.0509
IRC07,17_4,unburned_post,2,0.187,0.0562
IRC09,17_4,unburned_post,2,0.267,0.0762
IRC10,17_4,unburned_post,2,0.254,0.0667
IRC12,17_4,unburned_post,2,0.201,0.057
IRC13,17_4,unburned_post,2,0.193,0.0395
LI-ME2,17_4,unburned_post,2,0.23,0.0576
LO-WE2,17_4,burned_post,2,0.207,0.0484
MO-FR1,17_4,unburned_post,2,0.213,0.0548
OR-LO,17_4,unburned_post,2,0.199,0.0711
OV-TR,17_4,burned_post,2,0.187,0.0438
RO-CA2,17_4,unburned_post,2,0.214,0.0636
SO-GY,17_4,burned_post,2,0.19,0.0538
UP-WE,17_4,burned_post,2,0.216,0.0531
WE-TR1,17_4,burned_post,2,0.226,0.0509
WE-TR3,17_4,burned_post,2,0.231,0.0525
AG-CH,18_1,unburned_post,3,0.203,0.0215
AU-TR,18_1,unburned_post,3,0.195,0.0312
BO-SP,18_1,unburned_post,3,0.21,0.0252
BO-TR,18_1,unburned_post,3,0.211,0.0298
CG-001,18_1,prefire,-10,0.313,0.0838
CG-002,18_1,prefire,-10,0.274,0.03
CG-003,18_1,prefire,-10,0.289,0.0435
CG-004,18_1,prefire,-10,0.296,0.0339
CG-005,18_1,prefire,-10,0.269,0.0333
CG-006,18_1,prefire,-10,0.269,0.0292
CG-016,18_1,prefire,-10,0.29,0.0379
CG-017,18_1,prefire,-10,0.225,0.0454
CG-018,18_1,prefire,-10,0.31,0.0273
CG-019,18_1,prefire,-10,0.242,0.033
CG-020,18_1,prefire,-10,0.3,0.0358
CG-029,18_1,prefire,-10,0.309,0.0445
CG-030,18_1,prefire,-10,0.313,0.0353
CG-031,18_1,prefire,-10,0.291,0.0349
CG-033,18_1,prefire,-10,0.3,0.0368
CG-042,18_1,prefire,-10,0.283,0.0328
CG-044,18_1,prefire,-10,0.295,0.0378
CG-045,18_1,prefire,-10,0.297,0.04
CG-047,18_1,prefire,-10,0.3,0.032
CG-048,18_1,prefire,-10,0.303,0.0283
CG-056,18_1,prefire,-10,0.291,0.0457
CG-057,18_1,prefire,-10,0.301,0.0348
CG-058,18_1,prefire,-10,0.315,0.0491
CG-059,18_1,prefire,-10,0.336,0.0258
CG-069,18_1,prefire,-10,0.314,0.0379
CG-070,18_1,prefire,-10,0.296,0.0342
CG-071,18_1,prefire,-10,0.308,0.0287
CG-073,18_1,prefire,-10,0.299,0.0334
CG-074,18_1,prefire,-10,0.319,0.0313
CG-075,18_1,prefire,-10,0.301,0.0354
CG-084,18_1,prefire,-10,0.338,0.0263
CG-085,18_1,prefire,-10,0.295,0.0409
CG-088,18_1,prefire,-10,0.308,0.0425
CG-089,18_1,prefire,-10,0.296,0.0325
CG-090,18_1,prefire,-10,0.287,0.0356
CG-092,18_1,prefire,-10,0.316,0.0293
CG-096,18_1,prefire,-10,0.292,0.025
CG-097,18_1,prefire,-10,0.339,0.0434
CG-098,18_1,prefire,-10,0.294,0.0421
CG-102,18_1,prefire,-10,0.309,0.0374
CG-103,18_1,prefire,-10,0.295,0.0347
CO-TR,18_1,unburned_post,3,0.196,0.023
DO-CA3,18_1,unburned_post,3,0.202,0.0222
DR-SP2,18_1,unburned_post,3,0.217,0.0217
EA-MW2,18_1,unburned_post,3,0.159,0.0343
FR-RO,18_1,unburned_post,3,0.187,0.033
GY-FO,18_1,burned_post,3,0.178,0.0219
IR-ME1,18_1,unburned_post,3,0.203,0.0252
IRC01,18_1,unburned_post,3,0.173,0.0427
IRC02,18_1,unburned_post,3,0.182,0.0246
IRC03,18_1,unburned_post,3,0.19,0.0296
IRC04,18_1,unburned_post,3,0.188,0.032
IRC05,18_1,unburned_post,3,0.193,0.0316
IRC06,18_1,unburned_post,3,0.198,0.0317
IRC07,18_1,unburned_post,3,0.196,0.0313
IRC09,18_1,unburned_post,3,0.194,0.0295
IRC10,18_1,unburned_post,3,0.198,0.0294
IRC12,18_1,unburned_post,3,0.199,0.0343
IRC13,18_1,unburned_post,3,0.192,0.0241
LI-ME2,18_1,unburned_post,3,0.212,0.0221
LO-WE2,18_1,burned_post,3,0.18,0.0164
MO-FR1,18_1,unburned_post,3,0.183,0.0313
OR-LO,18_1,unburned_post,3,0.17,0.0357
OV-TR,18_1,burned_post,3,0.183,0.0335
RO-CA2,18_1,unburned_post,3,0.175,0.0258
SO-GY,18_1,burned_post,3,0.184,0.0177
UP-WE,18_1,burned_post,3,0.195,0.0261
WE-TR1,18_1,burned_post,3,0.183,0.0222
WE-TR3,18_1,burned_post,3,0.193,0.0244
AG-CH,18_2,unburned_post,4,0.139,0.0215
AU-TR,18_2,unburned_post,4,0.156,0.0313
BO-SP,18_2,unburned_post,4,0.137,0.0255
BO-TR,18_2,unburned_post,4,0.144,0.025
CG-001,18_2,prefire,-9,0.313,0.0625
CG-002,18_2,prefire,-9,0.295,0.0383
CG-003,18_2,prefire,-9,0.308,0.0605
CG-004,18_2,prefire,-9,0.325,0.0372
CG-005,18_2,prefire,-9,0.3,0.0332
CG-006,18_2,prefire,-9,0.31,0.0266
CG-016,18_2,prefire,-9,0.311,0.0386
CG-017,18_2,prefire,-9,0.237,0.0466
CG-018,18_2,prefire,-9,0.331,0.0202
CG-019,18_2,prefire,-9,0.265,0.0387
CG-020,18_2,prefire,-9,0.317,0.0359
CG-029,18_2,prefire,-9,0.319,0.0376
CG-030,18_2,prefire,-9,0.319,0.0296
CG-031,18_2,prefire,-9,0.324,0.0268
CG-033,18_2,prefire,-9,0.323,0.0371
CG-042,18_2,prefire,-9,0.299,0.029
CG-044,18_2,prefire,-9,0.324,0.0407
CG-045,18_2,prefire,-9,0.325,0.0313
CG-047,18_2,prefire,-9,0.335,0.0316
CG-048,18_2,prefire,-9,0.321,0.0314
CG-056,18_2,prefire,-9,0.349,0.0507
CG-057,18_2,prefire,-9,0.326,0.0259
CG-058,18_2,prefire,-9,0.338,0.0385
CG-059,18_2,prefire,-9,0.343,0.0213
CG-069,18_2,prefire,-9,0.331,0.0281
CG-070,18_2,prefire,-9,0.315,0.0343
CG-071,18_2,prefire,-9,0.319,0.0239
CG-073,18_2,prefire,-9,0.325,0.0284
CG-074,18_2,prefire,-9,0.328,0.0264
CG-075,18_2,prefire,-9,0.323,0.0355
CG-084,18_2,prefire,-9,0.354,0.0249
CG-085,18_2,prefire,-9,0.316,0.0368
CG-088,18_2,prefire,-9,0.331,0.0329
CG-089,18_2,prefire,-9,0.335,0.0287
CG-090,18_2,prefire,-9,0.326,0.0291
CG-092,18_2,prefire,-9,0.32,0.0315
CG-096,18_2,prefire,-9,0.319,0.0248
CG-097,18_2,prefire,-9,0.316,0.0499
CG-098,18_2,prefire,-9,0.301,0.0417
CG-102,18_2,prefire,-9,0.338,0.0369
CG-103,18_2,prefire,-9,0.313,0.033
CO-TR,18_2,unburned_post,4,0.13,0.0366
DO-CA3,18_2,unburned_post,4,0.157,0.0238
DR-SP2,18_2,unburned_post,4,0.138,0.029
EA-MW2,18_2,unburned_post,4,0.137,0.0286
FR-RO,18_2,unburned_post,4,0.157,0.0309
GY-FO,18_2,burned_post,4,0.166,0.0201
IR-ME1,18_2,unburned_post,4,0.155,0.0196
IRC01,18_2,unburned_post,4,0.115,0.0201
IRC02,18_2,unburned_post,4,0.143,0.0303
IRC03,18_2,unburned_post,4,0.153,0.0292
IRC04,18_2,unburned_post,4,0.15,0.024
IRC05,18_2,unburned_post,4,0.147,0.0232
IRC06,18_2,unburned_post,4,0.157,0.0251
IRC07,18_2,unburned_post,4,0.154,0.0232
IRC09,18_2,unburned_post,4,0.134,0.0205
IRC10,18_2,unburned_post,4,0.156,0.0268
IRC12,18_2,unburned_post,4,0.158,0.0329
IRC13,18_2,unburned_post,4,0.15,0.0184
LI-ME2,18_2,unburned_post,4,0.158,0.0254
LO-WE2,18_2,burned_post,4,0.15,0.0125
MO-FR1,18_2,unburned_post,4,0.151,0.0323
OR-LO,18_2,unburned_post,4,0.13,0.0368
OV-TR,18_2,burned_post,4,0.138,0.0222
RO-CA2,18_2,unburned_post,4,0.132,0.0203
SO-GY,18_2,burned_post,4,0.157,0.0151
UP-WE,18_2,burned_post,4,0.149,0.0163
WE-TR1,18_2,burned_post,4,0.152,0.0207
WE-TR3,18_2,burned_post,4,0.151,0.0179
AG-CH,18_3,unburned_post,5,0.13,0.0227
AU-TR,18_3,unburned_post,5,0.126,0.0311
BO-SP,18_3,unburned_post,5,0.126,0.0246
BO-TR,18_3,unburned_post,5,0.132,0.0239
CG-001,18_3,prefire,-8,0.219,0.0663
CG-002,18_3,prefire,-8,0.184,0.0445
CG-003,18_3,prefire,-8,0.197,0.0547
CG-004,18_3,prefire,-8,0.3,0.0465
CG-005,18_3,prefire,-8,0.259,0.0481
CG-006,18_3,prefire,-8,0.259,0.0459
CG-016,18_3,prefire,-8,0.272,0.0557
CG-017,18_3,prefire,-8,0.216,0.0431
CG-018,18_3,prefire,-8,0.304,0.039
CG-019,18_3,prefire,-8,0.22,0.0401
CG-020,18_3,prefire,-8,0.273,0.0519
CG-029,18_3,prefire,-8,0.299,0.0606
CG-030,18_3,prefire,-8,0.297,0.0443
CG-031,18_3,prefire,-8,0.293,0.0485
CG-033,18_3,prefire,-8,0.292,0.0525
CG-042,18_3,prefire,-8,0.274,0.0467
CG-044,18_3,prefire,-8,0.314,0.049
CG-045,18_3,prefire,-8,0.277,0.0604
CG-047,18_3,prefire,-8,0.305,0.0438
CG-048,18_3,prefire,-8,0.285,0.0402
CG-056,18_3,prefire,-8,0.255,0.0578
CG-057,18_3,prefire,-8,0.305,0.0592
CG-058,18_3,prefire,-8,0.288,0.0831
CG-059,18_3,prefire,-8,0.34,0.0389
CG-069,18_3,prefire,-8,0.33,0.0526
CG-070,18_3,prefire,-8,0.283,0.0543
CG-071,18_3,prefire,-8,0.301,0.0428
CG-073,18_3,prefire,-8,0.306,0.0486
CG-074,18_3,prefire,-8,0.32,0.0452
CG-075,18_3,prefire,-8,0.291,0.0391
CG-084,18_3,prefire,-8,0.337,0.0385
CG-085,18_3,prefire,-8,0.283,0.0495
CG-088,18_3,prefire,-8,0.291,0.0561
CG-089,18_3,prefire,-8,0.285,0.0446
CG-090,18_3,prefire,-8,0.288,0.0568
CG-092,18_3,prefire,-8,0.298,0.0459
CG-096,18_3,prefire,-8,0.281,0.0427
CG-097,18_3,prefire,-8,0.254,0.0771
CG-098,18_3,prefire,-8,0.282,0.0505
CG-102,18_3,prefire,-8,0.259,0.0549
CG-103,18_3,prefire,-8,0.247,0.0517
CO-TR,18_3,unburned_post,5,0.116,0.0253
DO-CA3,18_3,unburned_post,5,0.111,0.0395
DR-SP2,18_3,unburned_post,5,0.101,0.0314
EA-MW2,18_3,unburned_post,5,0.118,0.0291
FR-RO,18_3,unburned_post,5,0.128,0.0323
GY-FO,18_3,burned_post,5,0.131,0.0293
IR-ME1,18_3,unburned_post,5,0.132,0.0229
IRC01,18_3,unburned_post,5,0.103,0.0235
IRC02,18_3,unburned_post,5,0.122,0.0284
IRC03,18_3,unburned_post,5,0.124,0.0304
IRC04,18_3,unburned_post,5,0.128,0.0223
IRC05,18_3,unburned_post,5,0.126,0.0234
IRC06,18_3,unburned_post,5,0.136,0.0278
IRC07,18_3,unburned_post,5,0.131,0.0284
IRC09,18_3,unburned_post,5,0.121,0.023
IRC10,18_3,unburned_post,5,0.128,0.0272
IRC12,18_3,unburned_post,5,0.13,0.028
IRC13,18_3,unburned_post,5,0.124,0.0201
LI-ME2,18_3,unburned_post,5,0.13,0.03
LO-WE2,18_3,burned_post,5,0.133,0.0232
MO-FR1,18_3,unburned_post,5,0.127,0.0319
OR-LO,18_3,unburned_post,5,0.126,0.0424
OV-TR,18_3,burned_post,5,0.117,0.0334
RO-CA2,18_3,unburned_post,5,0.12,0.0313
SO-GY,18_3,burned_post,5,0.126,0.0346
UP-WE,18_3,burned_post,5,0.123,0.027
WE-TR1,18_3,burned_post,5,0.132,0.0278
WE-TR3,18_3,burned_post,5,0.128,0.0234
AG-CH,18_4,unburned_post,6,0.165,0.038
AU-TR,18_4,unburned_post,6,0.145,0.0342
BO-SP,18_4,unburned_post,6,0.17,0.0399
BO-TR,18_4,unburned_post,6,0.171,0.0379
CG-001,18_4,prefire,-7,0.183,0.0487
CG-002,18_4,prefire,-7,0.169,0.0458
CG-003,18_4,prefire,-7,0.175,0.0532
CG-004,18_4,prefire,-7,0.293,0.0535
CG-005,18_4,prefire,-7,0.247,0.0548
CG-006,18_4,prefire,-7,0.233,0.0634
CG-016,18_4,prefire,-7,0.261,0.0637
CG-017,18_4,prefire,-7,0.211,0.043
CG-018,18_4,prefire,-7,0.292,0.0517
CG-019,18_4,prefire,-7,0.204,0.0447
CG-020,18_4,prefire,-7,0.258,0.0622
CG-029,18_4,prefire,-7,0.285,0.0669
CG-030,18_4,prefire,-7,0.281,0.0525
CG-031,18_4,prefire,-7,0.271,0.0643
CG-033,18_4,prefire,-7,0.279,0.0634
CG-042,18_4,prefire,-7,0.261,0.0622
CG-044,18_4,prefire,-7,0.3,0.0523
CG-045,18_4,prefire,-7,0.24,0.081
CG-047,18_4,prefire,-7,0.285,0.0574
CG-048,18_4,prefire,-7,0.264,0.0441
CG-056,18_4,prefire,-7,0.227,0.0689
CG-057,18_4,prefire,-7,0.286,0.0762
CG-058,18_4,prefire,-7,0.252,0.114
CG-059,18_4,prefire,-7,0.329,0.0506
CG-069,18_4,prefire,-7,0.322,0.0708
CG-070,18_4,prefire,-7,0.261,0.0766
CG-071,18_4,prefire,-7,0.283,0.0576
CG-073,18_4,prefire,-7,0.29,0.0624
CG-074,18_4,prefire,-7,0.303,0.0635
CG-075,18_4,prefire,-7,0.273,0.0468
CG-084,18_4,prefire,-7,0.326,0.0507
CG-085,18_4,prefire,-7,0.249,0.0571
CG-088,18_4,prefire,-7,0.276,0.0734
CG-089,18_4,prefire,-7,0.257,0.0549
CG-090,18_4,prefire,-7,0.267,0.0726
CG-092,18_4,prefire,-7,0.274,0.0574
CG-096,18_4,prefire,-7,0.256,0.051
CG-097,18_4,prefire,-7,0.253,0.0755
CG-098,18_4,prefire,-7,0.272,0.0526
CG-102,18_4,prefire,-7,0.239,0.0563
CG-103,18_4,prefire,-7,0.224,0.0548
CO-TR,18_4,unburned_post,6,0.16,0.0632
DO-CA3,18_4,unburned_post,6,0.119,0.0611
DR-SP2,18_4,unburned_post,6,0.119,0.049
EA-MW2,18_4,unburned_post,6,0.134,0.0391
FR-RO,18_4,unburned_post,6,0.142,0.0384
GY-FO,18_4,burned_post,6,0.159,0.0428
IR-ME1,18_4,unburned_post,6,0.159,0.0389
IRC01,18_4,unburned_post,6,0.14,0.0453
IRC02,18_4,unburned_post,6,0.139,0.0395
IRC03,18_4,unburned_post,6,0.143,0.0322
IRC04,18_4,unburned_post,6,0.154,0.0285
IRC05,18_4,unburned_post,6,0.149,0.0318
IRC06,18_4,unburned_post,6,0.156,0.038
IRC07,18_4,unburned_post,6,0.149,0.0418
IRC09,18_4,unburned_post,6,0.163,0.0391
IRC10,18_4,unburned_post,6,0.148,0.0338
IRC12,18_4,unburned_post,6,0.151,0.0396
IRC13,18_4,unburned_post,6,0.146,0.0285
LI-ME2,18_4,unburned_post,6,0.159,0.0388
LO-WE2,18_4,burned_post,6,0.182,0.0413
MO-FR1,18_4,unburned_post,6,0.146,0.04
OR-LO,18_4,unburned_post,6,0.174,0.0651
OV-TR,18_4,burned_post,6,0.161,0.0457
RO-CA2,18_4,unburned_post,6,0.159,0.0543
SO-GY,18_4,burned_post,6,0.148,0.0515
UP-WE,18_4,burned_post,6,0.172,0.0432
WE-TR1,18_4,burned_post,6,0.18,0.0441
WE-TR3,18_4,burned_post,6,0.184,0.0384
AG-CH,19_1,unburned_post,7,0.371,0.0387
AU-TR,19_1,unburned_post,7,0.317,0.0464
BO-SP,19_1,unburned_post,7,0.356,0.0413
BO-TR,19_1,unburned_post,7,0.349,0.0643
CG-001,19_1,prefire,-6,0.304,0.0831
CG-002,19_1,prefire,-6,0.336,0.0285
CG-003,19_1,prefire,-6,0.327,0.0457
CG-004,19_1,prefire,-6,0.317,0.0349
CG-005,19_1,prefire,-6,0.284,0.0308
CG-006,19_1,prefire,-6,0.283,0.0261
CG-016,19_1,prefire,-6,0.305,0.0373
CG-017,19_1,prefire,-6,0.232,0.0402
CG-018,19_1,prefire,-6,0.31,0.022
CG-019,19_1,prefire,-6,0.258,0.0382
CG-020,19_1,prefire,-6,0.305,0.0322
CG-029,19_1,prefire,-6,0.313,0.0353
CG-030,19_1,prefire,-6,0.314,0.0313
CG-031,19_1,prefire,-6,0.298,0.0294
CG-033,19_1,prefire,-6,0.305,0.0328
CG-042,19_1,prefire,-6,0.287,0.0293
CG-044,19_1,prefire,-6,0.306,0.0354
CG-045,19_1,prefire,-6,0.305,0.0338
CG-047,19_1,prefire,-6,0.313,0.0305
CG-048,19_1,prefire,-6,0.313,0.0262
CG-056,19_1,prefire,-6,0.335,0.0485
CG-057,19_1,prefire,-6,0.31,0.0281
CG-058,19_1,prefire,-6,0.322,0.0424
CG-059,19_1,prefire,-6,0.338,0.022
CG-069,19_1,prefire,-6,0.338,0.0264
CG-070,19_1,prefire,-6,0.31,0.0362
CG-071,19_1,prefire,-6,0.315,0.0265
CG-073,19_1,prefire,-6,0.313,0.0296
CG-074,19_1,prefire,-6,0.315,0.0268
CG-075,19_1,prefire,-6,0.3,0.0328
CG-084,19_1,prefire,-6,0.329,0.0278
CG-085,19_1,prefire,-6,0.299,0.0353
CG-088,19_1,prefire,-6,0.327,0.0379
CG-089,19_1,prefire,-6,0.318,0.0293
CG-090,19_1,prefire,-6,0.313,0.0315
CG-092,19_1,prefire,-6,0.32,0.0247
CG-096,19_1,prefire,-6,0.323,0.0219
CG-097,19_1,prefire,-6,0.352,0.037
CG-098,19_1,prefire,-6,0.316,0.0336
CG-102,19_1,prefire,-6,0.352,0.0366
CG-103,19_1,prefire,-6,0.309,0.0298
CO-TR,19_1,unburned_post,7,0.369,0.0463
DO-CA3,19_1,unburned_post,7,0.284,0.0691
DR-SP2,19_1,unburned_post,7,0.344,0.0487
EA-MW2,19_1,unburned_post,7,0.268,0.0788
FR-RO,19_1,unburned_post,7,0.289,0.0476
GY-FO,19_1,burned_post,7,0.322,0.0421
IR-ME1,19_1,unburned_post,7,0.284,0.0611
IRC01,19_1,unburned_post,7,0.33,0.091
IRC02,19_1,unburned_post,7,0.345,0.0544
IRC03,19_1,unburned_post,7,0.309,0.0453
IRC04,19_1,unburned_post,7,0.274,0.0575
IRC05,19_1,unburned_post,7,0.254,0.0554
IRC06,19_1,unburned_post,7,0.244,0.0702
IRC07,19_1,unburned_post,7,0.278,0.0592
IRC09,19_1,unburned_post,7,0.352,0.0391
IRC10,19_1,unburned_post,7,0.319,0.0577
IRC12,19_1,unburned_post,7,0.282,0.0606
IRC13,19_1,unburned_post,7,0.287,0.0409
LI-ME2,19_1,unburned_post,7,0.323,0.0314
LO-WE2,19_1,burned_post,7,0.347,0.0372
MO-FR1,19_1,unburned_post,7,0.305,0.0331
OR-LO,19_1,unburned_post,7,0.353,0.0464
OV-TR,19_1,burned_post,7,0.332,0.0842
RO-CA2,19_1,unburned_post,7,0.336,0.0403
SO-GY,19_1,burned_post,7,0.345,0.0506
UP-WE,19_1,burned_post,7,0.352,0.034
WE-TR1,19_1,burned_post,7,0.342,0.0376
WE-TR3,19_1,burned_post,7,0.342,0.038
AG-CH,19_2,unburned_post,8,0.221,0.0326
AU-TR,19_2,unburned_post,8,0.241,0.0456
BO-SP,19_2,unburned_post,8,0.208,0.043
BO-TR,19_2,unburned_post,8,0.219,0.0422
CG-001,19_2,prefire,-5,0.275,0.0598
CG-002,19_2,prefire,-5,0.316,0.0347
CG-003,19_2,prefire,-5,0.309,0.0549
CG-004,19_2,prefire,-5,0.331,0.0372
CG-005,19_2,prefire,-5,0.298,0.0324
CG-006,19_2,prefire,-5,0.308,0.026
CG-016,19_2,prefire,-5,0.314,0.0383
CG-017,19_2,prefire,-5,0.236,0.0438
CG-018,19_2,prefire,-5,0.322,0.0205
CG-019,19_2,prefire,-5,0.262,0.0413
CG-020,19_2,prefire,-5,0.315,0.0341
CG-029,19_2,prefire,-5,0.318,0.0331
CG-030,19_2,prefire,-5,0.321,0.0292
CG-031,19_2,prefire,-5,0.316,0.0271
CG-033,19_2,prefire,-5,0.318,0.0351
CG-042,19_2,prefire,-5,0.3,0.0277
CG-044,19_2,prefire,-5,0.309,0.0381
CG-045,19_2,prefire,-5,0.318,0.0301
CG-047,19_2,prefire,-5,0.325,0.0294
CG-048,19_2,prefire,-5,0.315,0.0289
CG-056,19_2,prefire,-5,0.357,0.0455
CG-057,19_2,prefire,-5,0.322,0.0243
CG-058,19_2,prefire,-5,0.331,0.0383
CG-059,19_2,prefire,-5,0.339,0.0212
CG-069,19_2,prefire,-5,0.355,0.0215
CG-070,19_2,prefire,-5,0.321,0.0371
CG-071,19_2,prefire,-5,0.324,0.024
CG-073,19_2,prefire,-5,0.326,0.0267
CG-074,19_2,prefire,-5,0.32,0.0245
CG-075,19_2,prefire,-5,0.315,0.0318
CG-084,19_2,prefire,-5,0.341,0.0253
CG-085,19_2,prefire,-5,0.318,0.0331
CG-088,19_2,prefire,-5,0.338,0.0322
CG-089,19_2,prefire,-5,0.333,0.0287
CG-090,19_2,prefire,-5,0.331,0.0281
CG-092,19_2,prefire,-5,0.325,0.0283
CG-096,19_2,prefire,-5,0.333,0.0225
CG-097,19_2,prefire,-5,0.337,0.0368
CG-098,19_2,prefire,-5,0.317,0.0356
CG-102,19_2,prefire,-5,0.353,0.0348
CG-103,19_2,prefire,-5,0.318,0.0296
CO-TR,19_2,unburned_post,8,0.221,0.0349
DO-CA3,19_2,unburned_post,8,0.22,0.0406
DR-SP2,19_2,unburned_post,8,0.219,0.0439
EA-MW2,19_2,unburned_post,8,0.188,0.0479
FR-RO,19_2,unburned_post,8,0.221,0.0395
GY-FO,19_2,burned_post,8,0.22,0.0242
IR-ME1,19_2,unburned_post,8,0.215,0.0322
IRC01,19_2,unburned_post,8,0.169,0.0372
IRC02,19_2,unburned_post,8,0.223,0.0421
IRC03,19_2,unburned_post,8,0.235,0.044
IRC04,19_2,unburned_post,8,0.208,0.0439
IRC05,19_2,unburned_post,8,0.195,0.0372
IRC06,19_2,unburned_post,8,0.213,0.0404
IRC07,19_2,unburned_post,8,0.216,0.0426
IRC09,19_2,unburned_post,8,0.209,0.0386
IRC10,19_2,unburned_post,8,0.238,0.0411
IRC12,19_2,unburned_post,8,0.214,0.045
IRC13,19_2,unburned_post,8,0.212,0.0293
LI-ME2,19_2,unburned_post,8,0.236,0.0423
LO-WE2,19_2,burned_post,8,0.211,0.022
MO-FR1,19_2,unburned_post,8,0.222,0.0392
OR-LO,19_2,unburned_post,8,0.19,0.0396
OV-TR,19_2,burned_post,8,0.176,0.045
RO-CA2,19_2,unburned_post,8,0.19,0.0354
SO-GY,19_2,burned_post,8,0.212,0.032
UP-WE,19_2,burned_post,8,0.202,0.0262
WE-TR1,19_2,burned_post,8,0.213,0.0261
WE-TR3,19_2,burned_post,8,0.209,0.0269
AG-CH,19_3,unburned_post,9,0.168,0.0289
AU-TR,19_3,unburned_post,9,0.156,0.0337
BO-SP,19_3,unburned_post,9,0.153,0.0287
BO-TR,19_3,unburned_post,9,0.16,0.0317
CG-001,19_3,prefire,-4,0.184,0.0514
CG-002,19_3,prefire,-4,0.18,0.044
CG-003,19_3,prefire,-4,0.188,0.0522
CG-004,19_3,prefire,-4,0.309,0.0488
CG-005,19_3,prefire,-4,0.26,0.0505
CG-006,19_3,prefire,-4,0.25,0.057
CG-016,19_3,prefire,-4,0.278,0.06
CG-017,19_3,prefire,-4,0.223,0.0446
CG-018,19_3,prefire,-4,0.304,0.0477
CG-019,19_3,prefire,-4,0.222,0.0444
CG-020,19_3,prefire,-4,0.275,0.059
CG-029,19_3,prefire,-4,0.302,0.062
CG-030,19_3,prefire,-4,0.303,0.0504
CG-031,19_3,prefire,-4,0.288,0.0594
CG-033,19_3,prefire,-4,0.297,0.0604
CG-042,19_3,prefire,-4,0.279,0.0602
CG-044,19_3,prefire,-4,0.309,0.0498
CG-045,19_3,prefire,-4,0.264,0.0731
CG-047,19_3,prefire,-4,0.303,0.0535
CG-048,19_3,prefire,-4,0.287,0.0438
CG-056,19_3,prefire,-4,0.247,0.0654
CG-057,19_3,prefire,-4,0.301,0.0725
CG-058,19_3,prefire,-4,0.279,0.1067
CG-059,19_3,prefire,-4,0.349,0.0466
CG-069,19_3,prefire,-4,0.33,0.065
CG-070,19_3,prefire,-4,0.284,0.0711
CG-071,19_3,prefire,-4,0.313,0.0551
CG-073,19_3,prefire,-4,0.302,0.0592
CG-074,19_3,prefire,-4,0.312,0.0564
CG-075,19_3,prefire,-4,0.286,0.0453
CG-084,19_3,prefire,-4,0.332,0.0512
CG-085,19_3,prefire,-4,0.273,0.0552
CG-088,19_3,prefire,-4,0.286,0.0689
CG-089,19_3,prefire,-4,0.275,0.0509
CG-090,19_3,prefire,-4,0.272,0.0679
CG-092,19_3,prefire,-4,0.291,0.0589
CG-096,19_3,prefire,-4,0.264,0.048
CG-097,19_3,prefire,-4,0.237,0.0879
CG-098,19_3,prefire,-4,0.28,0.0614
CG-102,19_3,prefire,-4,0.25,0.0605
CG-103,19_3,prefire,-4,0.234,0.0573
CO-TR,19_3,unburned_post,9,0.16,0.0337
DO-CA3,19_3,unburned_post,9,0.137,0.0542
DR-SP2,19_3,unburned_post,9,0.13,0.0446
EA-MW2,19_3,unburned_post,9,0.143,0.0421
FR-RO,19_3,unburned_post,9,0.157,0.0366
GY-FO,19_3,burned_post,9,0.165,0.0354
IR-ME1,19_3,unburned_post,9,0.152,0.032
IRC01,19_3,unburned_post,9,0.124,0.0342
IRC02,19_3,unburned_post,9,0.163,0.039
IRC03,19_3,unburned_post,9,0.155,0.0346
IRC04,19_3,unburned_post,9,0.143,0.0322
IRC05,19_3,unburned_post,9,0.141,0.031
IRC06,19_3,unburned_post,9,0.155,0.0333
IRC07,19_3,unburned_post,9,0.149,0.0374
IRC09,19_3,unburned_post,9,0.146,0.0287
IRC10,19_3,unburned_post,9,0.154,0.0332
IRC12,19_3,unburned_post,9,0.151,0.0375
IRC13,19_3,unburned_post,9,0.147,0.0269
LI-ME2,19_3,unburned_post,9,0.153,0.0364
LO-WE2,19_3,burned_post,9,0.161,0.0266
MO-FR1,19_3,unburned_post,9,0.161,0.036
OR-LO,19_3,unburned_post,9,0.145,0.0422
OV-TR,19_3,burned_post,9,0.138,0.0418
RO-CA2,19_3,unburned_post,9,0.134,0.0387
SO-GY,19_3,burned_post,9,0.164,0.0398
UP-WE,19_3,burned_post,9,0.155,0.0283
WE-TR1,19_3,burned_post,9,0.162,0.0294
WE-TR3,19_3,burned_post,9,0.163,0.0248
AG-CH,19_4,unburned_post,10,0.137,0.0454
AU-TR,19_4,unburned_post,10,0.134,0.0374
BO-SP,19_4,unburned_post,10,0.158,0.0389
BO-TR,19_4,unburned_post,10,0.156,0.0442
CG-001,19_4,prefire,-3,0.258,0.072
CG-002,19_4,prefire,-3,0.243,0.0479
CG-003,19_4,prefire,-3,0.216,0.0606
CG-004,19_4,prefire,-3,0.303,0.0526
CG-005,19_4,prefire,-3,0.262,0.0523
CG-006,19_4,prefire,-3,0.239,0.0643
CG-016,19_4,prefire,-3,0.283,0.0654
CG-017,19_4,prefire,-3,0.229,0.0464
CG-018,19_4,prefire,-3,0.32,0.0491
CG-019,19_4,prefire,-3,0.217,0.0433
CG-020,19_4,prefire,-3,0.287,0.0666
CG-029,19_4,prefire,-3,0.302,0.0691
CG-030,19_4,prefire,-3,0.298,0.0588
CG-031,19_4,prefire,-3,0.275,0.0649
CG-033,19_4,prefire,-3,0.283,0.0645
CG-042,19_4,prefire,-3,0.282,0.0632
CG-044,19_4,prefire,-3,0.292,0.0454
CG-045,19_4,prefire,-3,0.262,0.0818
CG-047,19_4,prefire,-3,0.281,0.0586
CG-048,19_4,prefire,-3,0.274,0.0437
CG-056,19_4,prefire,-3,0.234,0.0603
CG-057,19_4,prefire,-3,0.29,0.0697
CG-058,19_4,prefire,-3,0.271,0.1105
CG-059,19_4,prefire,-3,0.345,0.0442
CG-069,19_4,prefire,-3,0.328,0.0657
CG-070,19_4,prefire,-3,0.28,0.0623
CG-071,19_4,prefire,-3,0.31,0.055
CG-073,19_4,prefire,-3,0.282,0.0575
CG-074,19_4,prefire,-3,0.304,0.0575
CG-075,19_4,prefire,-3,0.279,0.0483
CG-084,19_4,prefire,-3,0.328,0.0447
CG-085,19_4,prefire,-3,0.265,0.0534
CG-088,19_4,prefire,-3,0.28,0.0653
CG-089,19_4,prefire,-3,0.261,0.0433
CG-090,19_4,prefire,-3,0.263,0.0635
CG-092,19_4,prefire,-3,0.293,0.0495
CG-096,19_4,prefire,-3,0.257,0.045
CG-097,19_4,prefire,-3,0.278,0.0598
CG-098,19_4,prefire,-3,0.273,0.0507
CG-102,19_4,prefire,-3,0.253,0.0495
CG-103,19_4,prefire,-3,0.233,0.0459
CO-TR,19_4,unburned_post,10,0.123,0.0408
DO-CA3,19_4,unburned_post,10,0.118,0.0866
DR-SP2,19_4,unburned_post,10,0.121,0.0649
EA-MW2,19_4,unburned_post,10,0.111,0.0368
FR-RO,19_4,unburned_post,10,0.124,0.0373
GY-FO,19_4,burned_post,10,0.14,0.0459
IR-ME1,19_4,unburned_post,10,0.143,0.0441
IRC01,19_4,unburned_post,10,0.098,0.0443
IRC02,19_4,unburned_post,10,0.109,0.0416
IRC03,19_4,unburned_post,10,0.128,0.0344
IRC04,19_4,unburned_post,10,0.132,0.0347
IRC05,19_4,unburned_post,10,0.127,0.0364
IRC06,19_4,unburned_post,10,0.136,0.0441
IRC07,19_4,unburned_post,10,0.134,0.052
IRC09,19_4,unburned_post,10,0.141,0.0404
IRC10,19_4,unburned_post,10,0.143,0.0389
IRC12,19_4,unburned_post,10,0.138,0.0496
IRC13,19_4,unburned_post,10,0.122,0.0298
LI-ME2,19_4,unburned_post,10,0.137,0.0405
LO-WE2,19_4,burned_post,10,0.145,0.0409
MO-FR1,19_4,unburned_post,10,0.126,0.038
OR-LO,19_4,unburned_post,10,0.143,0.0716
OV-TR,19_4,burned_post,10,0.12,0.0438
RO-CA2,19_4,unburned_post,10,0.13,0.0645
SO-GY,19_4,burned_post,10,0.119,0.0563
UP-WE,19_4,burned_post,10,0.13,0.0461
WE-TR1,19_4,burned_post,10,0.144,0.0427
WE-TR3,19_4,burned_post,10,0.142,0.0432
AG-CH,20_1,unburned_post,11,0.288,0.0241
AU-TR,20_1,unburned_post,11,0.276,0.0357
BO-SP,20_1,unburned_post,11,0.283,0.0282
BO-TR,20_1,unburned_post,11,0.282,0.0425
CG-001,20_1,prefire,-2,0.286,0.0779
CG-002,20_1,prefire,-2,0.283,0.0274
CG-003,20_1,prefire,-2,0.274,0.046
CG-004,20_1,prefire,-2,0.283,0.0314
CG-005,20_1,prefire,-2,0.264,0.0316
CG-006,20_1,prefire,-2,0.266,0.0311
CG-016,20_1,prefire,-2,0.283,0.0413
CG-017,20_1,prefire,-2,0.223,0.0413
CG-018,20_1,prefire,-2,0.309,0.0278
CG-019,20_1,prefire,-2,0.234,0.0337
CG-020,20_1,prefire,-2,0.298,0.0396
CG-029,20_1,prefire,-2,0.303,0.0439
CG-030,20_1,prefire,-2,0.302,0.0374
CG-031,20_1,prefire,-2,0.286,0.0368
CG-033,20_1,prefire,-2,0.294,0.0392
CG-042,20_1,prefire,-2,0.273,0.0353
CG-044,20_1,prefire,-2,0.284,0.0359
CG-045,20_1,prefire,-2,0.298,0.0424
CG-047,20_1,prefire,-2,0.294,0.0343
CG-048,20_1,prefire,-2,0.29,0.0291
CG-056,20_1,prefire,-2,0.275,0.043
CG-057,20_1,prefire,-2,0.294,0.039
CG-058,20_1,prefire,-2,0.305,0.0549
CG-059,20_1,prefire,-2,0.335,0.0272
CG-069,20_1,prefire,-2,0.319,0.0375
CG-070,20_1,prefire,-2,0.294,0.039
CG-071,20_1,prefire,-2,0.316,0.0329
CG-073,20_1,prefire,-2,0.291,0.0351
CG-074,20_1,prefire,-2,0.306,0.0317
CG-075,20_1,prefire,-2,0.28,0.0321
CG-084,20_1,prefire,-2,0.32,0.0288
CG-085,20_1,prefire,-2,0.28,0.0394
CG-088,20_1,prefire,-2,0.299,0.0461
CG-089,20_1,prefire,-2,0.288,0.0347
CG-090,20_1,prefire,-2,0.276,0.041
CG-092,20_1,prefire,-2,0.297,0.0299
CG-096,20_1,prefire,-2,0.285,0.0296
CG-097,20_1,prefire,-2,0.301,0.0452
CG-098,20_1,prefire,-2,0.273,0.0427
CG-102,20_1,prefire,-2,0.3,0.0407
CG-103,20_1,prefire,-2,0.266,0.0339
CO-TR,20_1,unburned_post,11,0.291,0.0282
DO-CA3,20_1,unburned_post,11,0.272,0.0323
DR-SP2,20_1,unburned_post,11,0.286,0.0288
EA-MW2,20_1,unburned_post,11,0.228,0.055
FR-RO,20_1,unburned_post,11,0.258,0.0406
GY-FO,20_1,burned_post,11,0.278,0.0343
IR-ME1,20_1,unburned_post,11,0.262,0.0369
IRC01,20_1,unburned_post,11,0.262,0.0751
IRC02,20_1,unburned_post,11,0.279,0.0339
IRC03,20_1,unburned_post,11,0.273,0.0349
IRC04,20_1,unburned_post,11,0.242,0.047
IRC05,20_1,unburned_post,11,0.232,0.0491
IRC06,20_1,unburned_post,11,0.242,0.0484
IRC07,20_1,unburned_post,11,0.247,0.0475
IRC09,20_1,unburned_post,11,0.276,0.0312
IRC10,20_1,unburned_post,11,0.272,0.0387
IRC12,20_1,unburned_post,11,0.255,0.0526
IRC13,20_1,unburned_post,11,0.249,0.0329
LI-ME2,20_1,unburned_post,11,0.272,0.0275
LO-WE2,20_1,burned_post,11,0.306,0.0289
MO-FR1,20_1,unburned_post,11,0.258,0.0335
OR-LO,20_1,unburned_post,11,0.276,0.0401
OV-TR,20_1,burned_post,11,0.29,0.077
RO-CA2,20_1,unburned_post,11,0.265,0.0318
SO-GY,20_1,burned_post,11,0.282,0.0467
UP-WE,20_1,burned_post,11,0.302,0.0345
WE-TR1,20_1,burned_post,11,0.298,0.0298
WE-TR3,20_1,burned_post,11,0.303,0.0327
AG-CH,20_2,unburned_post,12,0.224,0.0357
AU-TR,20_2,unburned_post,12,0.231,0.043
BO-SP,20_2,unburned_post,12,0.214,0.0376
BO-TR,20_2,unburned_post,12,0.225,0.0403
CG-001,20_2,prefire,-1,0.293,0.0778
CG-002,20_2,prefire,-1,0.302,0.0415
CG-003,20_2,prefire,-1,0.316,0.0573
CG-004,20_2,prefire,-1,0.331,0.0381
CG-005,20_2,prefire,-1,0.3,0.0325
CG-006,20_2,prefire,-1,0.313,0.0256
CG-016,20_2,prefire,-1,0.317,0.038
CG-017,20_2,prefire,-1,0.24,0.0449
CG-018,20_2,prefire,-1,0.331,0.0195
CG-019,20_2,prefire,-1,0.26,0.0423
CG-020,20_2,prefire,-1,0.318,0.0356
CG-029,20_2,prefire,-1,0.322,0.0361
CG-030,20_2,prefire,-1,0.327,0.0293
CG-031,20_2,prefire,-1,0.318,0.0282
CG-033,20_2,prefire,-1,0.318,0.0355
CG-042,20_2,prefire,-1,0.297,0.0291
CG-044,20_2,prefire,-1,0.307,0.0358
CG-045,20_2,prefire,-1,0.328,0.0289
CG-047,20_2,prefire,-1,0.32,0.0287
CG-048,20_2,prefire,-1,0.305,0.032
CG-056,20_2,prefire,-1,0.35,0.0471
CG-057,20_2,prefire,-1,0.326,0.0264
CG-058,20_2,prefire,-1,0.333,0.0391
CG-059,20_2,prefire,-1,0.343,0.0202
CG-069,20_2,prefire,-1,0.349,0.0221
CG-070,20_2,prefire,-1,0.323,0.0378
CG-071,20_2,prefire,-1,0.331,0.0238
CG-073,20_2,prefire,-1,0.32,0.0279
CG-074,20_2,prefire,-1,0.319,0.0258
CG-075,20_2,prefire,-1,0.317,0.0334
CG-084,20_2,prefire,-1,0.349,0.0242
CG-085,20_2,prefire,-1,0.313,0.0302
CG-088,20_2,prefire,-1,0.334,0.0324
CG-089,20_2,prefire,-1,0.328,0.0291
CG-090,20_2,prefire,-1,0.325,0.03
CG-092,20_2,prefire,-1,0.321,0.0314
CG-096,20_2,prefire,-1,0.321,0.0225
CG-097,20_2,prefire,-1,0.316,0.0471
CG-098,20_2,prefire,-1,0.301,0.0447
CG-102,20_2,prefire,-1,0.341,0.0349
CG-103,20_2,prefire,-1,0.321,0.0314
CO-TR,20_2,unburned_post,12,0.213,0.0365
DO-CA3,20_2,unburned_post,12,0.221,0.0355
DR-SP2,20_2,unburned_post,12,0.218,0.0423
EA-MW2,20_2,unburned_post,12,0.187,0.0469
FR-RO,20_2,unburned_post,12,0.219,0.0404
GY-FO,20_2,burned_post,12,0.232,0.0298
IR-ME1,20_2,unburned_post,12,0.213,0.0328
IRC01,20_2,unburned_post,12,0.16,0.0379
IRC02,20_2,unburned_post,12,0.219,0.0435
IRC03,20_2,unburned_post,12,0.227,0.0404
IRC04,20_2,unburned_post,12,0.208,0.0424
IRC05,20_2,unburned_post,12,0.196,0.0402
IRC06,20_2,unburned_post,12,0.215,0.0423
IRC07,20_2,unburned_post,12,0.223,0.0424
IRC09,20_2,unburned_post,12,0.206,0.0363
IRC10,20_2,unburned_post,12,0.231,0.0403
IRC12,20_2,unburned_post,12,0.215,0.0505
IRC13,20_2,unburned_post,12,0.208,0.0302
LI-ME2,20_2,unburned_post,12,0.233,0.0394
LO-WE2,20_2,burned_post,12,0.244,0.0295
MO-FR1,20_2,unburned_post,12,0.219,0.0408
OR-LO,20_2,unburned_post,12,0.189,0.0462
OV-TR,20_2,burned_post,12,0.215,0.0614
RO-CA2,20_2,unburned_post,12,0.204,0.0364
SO-GY,20_2,burned_post,12,0.226,0.039
UP-WE,20_2,burned_post,12,0.228,0.0376
WE-TR1,20_2,burned_post,12,0.234,0.0336
WE-TR3,20_2,burned_post,12,0.232,0.0398
AG-CH,20_3,burned_post,1,0.161,0.0275
AU-TR,20_3,unburned_post,1,0.162,0.0373
BO-SP,20_3,burned_post,1,0.156,0.0257
BO-TR,20_3,burned_post,1,0.162,0.0299
CG-001,20_3,unburned_post,1,0.183,0.0542
CG-002,20_3,unburned_post,1,0.154,0.0377
CG-003,20_3,unburned_post,1,0.168,0.0523
CG-004,20_3,unburned_post,1,0.263,0.0434
CG-005,20_3,unburned_post,1,0.23,0.0448
CG-006,20_3,unburned_post,1,0.225,0.0541
CG-016,20_3,burned_post,1,0.166,0.0668
CG-017,20_3,unburned_post,1,0.21,0.0398
CG-018,20_3,burned_post,1,0.245,0.0394
CG-019,20_3,unburned_post,1,0.196,0.0391
CG-020,20_3,unburned_post,1,0.242,0.0504
CG-029,20_3,burned_post,1,0.18,0.0638
CG-030,20_3,burned_post,1,0.213,0.0497
CG-031,20_3,unburned_post,1,0.248,0.0521
CG-033,20_3,unburned_post,1,0.27,0.0555
CG-042,20_3,burned_post,1,0.052,0.0322
CG-044,20_3,burned_post,1,0.077,0.0294
CG-045,20_3,burned_post,1,0.165,0.0615
CG-047,20_3,unburned_post,1,0.278,0.0483
CG-048,20_3,unburned_post,1,0.263,0.0391
CG-056,20_3,burned_post,1,0.109,0.0609
CG-057,20_3,burned_post,1,0.036,0.0269
CG-058,20_3,burned_post,1,0.104,0.0669
CG-059,20_3,burned_post,1,0.195,0.0529
CG-069,20_3,burned_post,1,0.165,0.068
CG-070,20_3,burned_post,1,0.116,0.0602
CG-071,20_3,burned_post,1,0.127,0.048
CG-073,20_3,unburned_post,1,0.271,0.0538
CG-074,20_3,unburned_post,1,0.306,0.0539
CG-075,20_3,unburned_post,1,0.281,0.0424
CG-084,20_3,unburned_post,1,0.322,0.044
CG-085,20_3,unburned_post,1,0.26,0.0529
CG-088,20_3,unburned_post,1,0.268,0.0643
CG-089,20_3,burned_post,1,0.244,0.0515
CG-090,20_3,unburned_post,1,0.257,0.0639
CG-092,20_3,unburned_post,1,0.284,0.0571
CG-096,20_3,unburned_post,1,0.244,0.0428
CG-097,20_3,unburned_post,1,0.235,0.0687
CG-098,20_3,unburned_post,1,0.268,0.0522
CG-102,20_3,unburned_post,1,0.231,0.0508
CG-103,20_3,unburned_post,1,0.224,0.0511
CO-TR,20_3,unburned_post,1,0.158,0.0281
DO-CA3,20_3,unburned_post,13,0.144,0.0505
DR-SP2,20_3,burned_post,1,0.132,0.0413
EA-MW2,20_3,unburned_post,13,0.145,0.038
FR-RO,20_3,unburned_post,13,0.163,0.0358
GY-FO,20_3,burned_post,13,0.172,0.0325
IR-ME1,20_3,unburned_post,1,0.154,0.026
IRC01,20_3,unburned_post,1,0.121,0.0329
IRC02,20_3,unburned_post,1,0.162,0.0381
IRC03,20_3,unburned_post,1,0.161,0.0386
IRC04,20_3,unburned_post,1,0.152,0.0319
IRC05,20_3,unburned_post,1,0.146,0.031
IRC06,20_3,unburned_post,1,0.158,0.031
IRC07,20_3,unburned_post,1,0.158,0.0346
IRC09,20_3,burned_post,1,0.144,0.0291
IRC10,20_3,unburned_post,1,0.163,0.034
IRC12,20_3,unburned_post,1,0.156,0.035
IRC13,20_3,unburned_post,1,0.152,0.0262
LI-ME2,20_3,unburned_post,1,0.159,0.0373
LO-WE2,20_3,burned_post,1,0.179,0.023
MO-FR1,20_3,unburned_post,13,0.164,0.0364
OR-LO,20_3,burned_post,1,0.141,0.0418
OV-TR,20_3,burned_post,13,0.151,0.0436
RO-CA2,20_3,burned_post,1,0.135,0.0401
SO-GY,20_3,burned_post,13,0.161,0.036
UP-WE,20_3,burned_post,13,0.168,0.0248
WE-TR1,20_3,burned_post,13,0.177,0.0267
WE-TR3,20_3,burned_post,13,0.176,0.0268
AG-CH,20_4,burned_post,2,0.086,0.0433
AU-TR,20_4,burned_post,1,0.058,0.041
BO-SP,20_4,burned_post,2,0.095,0.0428
BO-TR,20_4,burned_post,2,0.098,0.0462
CG-001,20_4,unburned_post,2,0.177,0.0483
CG-002,20_4,unburned_post,2,0.17,0.0498
CG-003,20_4,unburned_post,2,0.162,0.0544
CG-004,20_4,unburned_post,2,0.283,0.061
CG-005,20_4,unburned_post,2,0.236,0.0633
CG-006,20_4,unburned_post,2,0.207,0.0819
CG-016,20_4,burned_post,2,0.182,0.0857
CG-017,20_4,unburned_post,2,0.23,0.0487
CG-018,20_4,burned_post,2,0.276,0.0592
CG-019,20_4,unburned_post,2,0.189,0.0545
CG-020,20_4,unburned_post,2,0.245,0.0771
CG-029,20_4,burned_post,2,0.2,0.0727
CG-030,20_4,burned_post,2,0.23,0.0647
CG-031,20_4,unburned_post,2,0.243,0.0841
CG-033,20_4,unburned_post,2,0.264,0.0775
CG-042,20_4,burned_post,2,0.057,0.0397
CG-044,20_4,burned_post,2,0.093,0.0381
CG-045,20_4,burned_post,2,0.151,0.0894
CG-047,20_4,unburned_post,2,0.258,0.0764
CG-048,20_4,unburned_post,2,0.251,0.06
CG-056,20_4,burned_post,2,0.101,0.0652
CG-057,20_4,burned_post,2,0.039,0.0266
CG-058,20_4,burned_post,2,0.097,0.0855
CG-059,20_4,burned_post,2,0.208,0.0618
CG-069,20_4,burned_post,2,0.174,0.0875
CG-070,20_4,burned_post,2,0.107,0.069
CG-071,20_4,burned_post,2,0.146,0.0571
CG-073,20_4,unburned_post,2,0.262,0.0822
CG-074,20_4,unburned_post,2,0.302,0.0909
CG-075,20_4,unburned_post,2,0.286,0.0611
CG-084,20_4,unburned_post,2,0.336,0.0619
CG-085,20_4,unburned_post,2,0.224,0.0722
CG-088,20_4,unburned_post,2,0.273,0.095
CG-089,20_4,burned_post,2,0.229,0.0725
CG-090,20_4,unburned_post,2,0.245,0.0984
CG-092,20_4,unburned_post,2,0.279,0.0804
CG-096,20_4,unburned_post,2,0.234,0.069
CG-097,20_4,unburned_post,2,0.251,0.0848
CG-098,20_4,unburned_post,2,0.279,0.0708
CG-102,20_4,unburned_post,2,0.229,0.0628
CG-103,20_4,unburned_post,2,0.22,0.0687
CO-TR,20_4,burned_post,1,0.05,0.039
DO-CA3,20_4,unburned_post,14,0.089,0.0818
DR-SP2,20_4,burned_post,2,0.037,0.0504
EA-MW2,20_4,unburned_post,14,0.105,0.0421
FR-RO,20_4,unburned_post,14,0.117,0.0467
GY-FO,20_4,burned_post,14,0.12,0.0447
IR-ME1,20_4,burned_post,1,0.065,0.0475
IRC01,20_4,unburned_post,1,0.084,0.0378
IRC02,20_4,unburned_post,1,0.094,0.0642
IRC03,20_4,burned_post,1,0.052,0.0406
IRC04,20_4,burned_post,1,0.089,0.036
IRC05,20_4,burned_post,1,0.081,0.0378
IRC06,20_4,burned_post,1,0.071,0.0413
IRC07,20_4,burned_post,1,0.085,0.0528
IRC09,20_4,burned_post,2,0.087,0.0419
IRC10,20_4,burned_post,1,0.076,0.0452
IRC12,20_4,unburned_post,1,0.079,0.0545
IRC13,20_4,unburned_post,1,0.119,0.034
LI-ME2,20_4,burned_post,1,0.074,0.0458
LO-WE2,20_4,burned_post,14,0.134,0.0424
MO-FR1,20_4,unburned_post,14,0.121,0.0487
OR-LO,20_4,burned_post,2,0.078,0.0597
OV-TR,20_4,burned_post,14,0.117,0.0538
RO-CA2,20_4,burned_post,2,0.067,0.0584
SO-GY,20_4,burned_post,14,0.116,0.0603
UP-WE,20_4,burned_post,14,0.123,0.0467
WE-TR1,20_4,burned_post,14,0.135,0.043
WE-TR3,20_4,burned_post,14,0.135,0.0445
AG-CH,21_1,burned_post,3,0.226,0.0353
AU-TR,21_1,burned_post,2,0.209,0.0492
BO-SP,21_1,burned_post,3,0.251,0.0517
BO-TR,21_1,burned_post,3,0.222,0.0374
CG-001,21_1,unburned_post,3,0.288,0.0606
CG-002,21_1,unburned_post,3,0.274,0.0469
CG-003,21_1,unburned_post,3,0.246,0.0543
CG-004,21_1,unburned_post,3,0.285,0.0362
CG-005,21_1,unburned_post,3,0.255,0.0352
CG-006,21_1,unburned_post,3,0.251,0.0408
CG-016,21_1,burned_post,3,0.202,0.0653
CG-017,21_1,unburned_post,3,0.227,0.0415
CG-018,21_1,burned_post,3,0.279,0.034
CG-019,21_1,unburned_post,3,0.223,0.0349
CG-020,21_1,unburned_post,3,0.283,0.044
CG-029,21_1,burned_post,3,0.19,0.0646
CG-030,21_1,burned_post,3,0.222,0.0528
CG-031,21_1,unburned_post,3,0.272,0.0409
CG-033,21_1,unburned_post,3,0.281,0.0413
CG-042,21_1,burned_post,3,0.082,0.0285
CG-044,21_1,burned_post,3,0.103,0.0326
CG-045,21_1,burned_post,3,0.206,0.0587
CG-047,21_1,unburned_post,3,0.283,0.0367
CG-048,21_1,unburned_post,3,0.274,0.0316
CG-056,21_1,burned_post,3,0.147,0.0592
CG-057,21_1,burned_post,3,0.067,0.0236
CG-058,21_1,burned_post,3,0.118,0.0546
CG-059,21_1,burned_post,3,0.182,0.0463
CG-069,21_1,burned_post,3,0.182,0.0684
CG-070,21_1,burned_post,3,0.131,0.0487
CG-071,21_1,burned_post,3,0.139,0.0369
CG-073,21_1,unburned_post,3,0.286,0.0378
CG-074,21_1,unburned_post,3,0.307,0.0356
CG-075,21_1,unburned_post,3,0.283,0.0362
CG-084,21_1,unburned_post,3,0.323,0.0321
CG-085,21_1,unburned_post,3,0.272,0.0417
CG-088,21_1,unburned_post,3,0.297,0.0488
CG-089,21_1,burned_post,3,0.285,0.0356
CG-090,21_1,unburned_post,3,0.278,0.046
CG-092,21_1,unburned_post,3,0.302,0.0348
CG-096,21_1,unburned_post,3,0.282,0.032
CG-097,21_1,unburned_post,3,0.311,0.0516
CG-098,21_1,unburned_post,3,0.274,0.0461
CG-102,21_1,unburned_post,3,0.278,0.0464
CG-103,21_1,unburned_post,3,0.258,0.0385
CO-TR,21_1,burned_post,2,0.287,0.0712
DO-CA3,21_1,unburned_post,15,0.235,0.0256
DR-SP2,21_1,burned_post,3,0.238,0.0757
EA-MW2,21_1,unburned_post,15,0.199,0.0392
FR-RO,21_1,unburned_post,15,0.225,0.0376
GY-FO,21_1,burned_post,15,0.225,0.0218
IR-ME1,21_1,burned_post,2,0.18,0.0315
IRC01,21_1,unburned_post,2,0.266,0.0915
IRC02,21_1,unburned_post,2,0.264,0.0486
IRC03,21_1,burned_post,2,0.206,0.0507
IRC04,21_1,burned_post,2,0.183,0.0333
IRC05,21_1,burned_post,2,0.182,0.0309
IRC06,21_1,burned_post,2,0.176,0.0303
IRC07,21_1,burned_post,2,0.186,0.0239
IRC09,21_1,burned_post,3,0.222,0.0481
IRC10,21_1,burned_post,2,0.216,0.049
IRC12,21_1,unburned_post,2,0.183,0.0334
IRC13,21_1,unburned_post,2,0.198,0.0281
LI-ME2,21_1,burned_post,2,0.212,0.0371
LO-WE2,21_1,burned_post,15,0.243,0.0202
MO-FR1,21_1,unburned_post,15,0.224,0.0343
OR-LO,21_1,burned_post,3,0.227,0.0736
OV-TR,21_1,burned_post,15,0.246,0.0543
RO-CA2,21_1,burned_post,3,0.193,0.0319
SO-GY,21_1,burned_post,15,0.24,0.0268
UP-WE,21_1,burned_post,15,0.261,0.0427
WE-TR1,21_1,burned_post,15,0.25,0.0275
WE-TR3,21_1,burned_post,15,0.26,0.0408
AG-CH,21_2,burned_post,4,0.197,0.0224
AU-TR,21_2,burned_post,3,0.2,0.0354
BO-SP,21_2,burned_post,4,0.184,0.0234
BO-TR,21_2,burned_post,4,0.184,0.0247
CG-001,21_2,unburned_post,4,0.279,0.0601
CG-002,21_2,unburned_post,4,0.264,0.0446
CG-003,21_2,unburned_post,4,0.283,0.0625
CG-004,21_2,unburned_post,4,0.307,0.0298
CG-005,21_2,unburned_post,4,0.206,0.0861
CG-006,21_2,unburned_post,4,0.272,0.0726
CG-016,21_2,burned_post,4,0.236,0.0573
CG-017,21_2,unburned_post,4,0.247,0.0484
CG-018,21_2,burned_post,4,0.151,0.0424
CG-019,21_2,unburned_post,4,0.239,0.0683
CG-020,21_2,unburned_post,4,0.305,0.0352
CG-029,21_2,burned_post,4,0.223,0.0608
CG-030,21_2,burned_post,4,0.237,0.0694
CG-031,21_2,unburned_post,4,0.314,0.0278
CG-033,21_2,unburned_post,4,0.315,0.0407
CG-042,21_2,burned_post,4,0.112,0.032
CG-044,21_2,burned_post,4,0.178,0.036
CG-045,21_2,burned_post,4,0.249,0.0513
CG-047,21_2,unburned_post,4,0.319,0.0242
CG-048,21_2,unburned_post,4,0.318,0.0357
CG-056,21_2,burned_post,4,0.23,0.0794
CG-057,21_2,burned_post,4,0.113,0.0216
CG-058,21_2,burned_post,4,0.165,0.0495
CG-059,21_2,burned_post,4,0.198,0.0585
CG-069,21_2,burned_post,4,0.216,0.0718
CG-070,21_2,burned_post,4,0.171,0.0552
CG-071,21_2,burned_post,4,0.176,0.0331
CG-073,21_2,unburned_post,4,0.32,0.0275
CG-074,21_2,unburned_post,4,0.33,0.0263
CG-075,21_2,unburned_post,4,0.099,0.0632
CG-084,21_2,unburned_post,4,0.355,0.0267
CG-085,21_2,unburned_post,4,0.133,0.0786
CG-088,21_2,unburned_post,4,0.303,0.0735
CG-089,21_2,burned_post,4,0.323,0.0372
CG-090,21_2,unburned_post,4,0.319,0.0295
CG-092,21_2,unburned_post,4,0.331,0.0386
CG-096,21_2,unburned_post,4,0.313,0.0301
CG-097,21_2,unburned_post,4,0.279,0.0618
CG-098,21_2,unburned_post,4,0.286,0.054
CG-102,21_2,unburned_post,4,0.313,0.0471
CG-103,21_2,unburned_post,4,0.296,0.0414
CO-TR,21_2,burned_post,2,0.209,0.0283
DO-CA3,21_2,unburned_post,16,0.188,0.0258
DR-SP2,21_2,burned_post,4,0.175,0.0244
EA-MW2,21_2,unburned_post,16,0.181,0.0351
FR-RO,21_2,unburned_post,16,0.202,0.0346
GY-FO,21_2,burned_post,16,0.207,0.0251
IR-ME1,21_2,burned_post,3,0.181,0.0262
IRC01,21_2,unburned_post,3,0.156,0.031
IRC02,21_2,unburned_post,3,0.208,0.0325
IRC03,21_2,burned_post,3,0.198,0.0367
IRC04,21_2,burned_post,3,0.194,0.0327
IRC05,21_2,burned_post,3,0.176,0.0304
IRC06,21_2,burned_post,3,0.178,0.0233
IRC07,21_2,burned_post,3,0.181,0.0264
IRC09,21_2,burned_post,4,0.184,0.0246
IRC10,21_2,burned_post,3,0.204,0.0348
IRC12,21_2,unburned_post,3,0.184,0.0366
IRC13,21_2,unburned_post,3,0.181,0.0269
LI-ME2,21_2,burned_post,3,0.201,0.0313
LO-WE2,21_2,burned_post,16,0.219,0.0193
MO-FR1,21_2,unburned_post,16,0.197,0.0358
OR-LO,21_2,burned_post,4,0.179,0.029
OV-TR,21_2,burned_post,16,0.184,0.0355
RO-CA2,21_2,burned_post,4,0.185,0.0216
SO-GY,21_2,burned_post,16,0.21,0.0229
UP-WE,21_2,burned_post,16,0.207,0.0215
WE-TR1,21_2,burned_post,16,0.221,0.022
WE-TR3,21_2,burned_post,16,0.213,0.0244
AG-CH,21_3,burned_post,5,0.078,0.0368
AU-TR,21_3,burned_post,4,0.103,0.0364
BO-SP,21_3,burned_post,5,0.085,0.0392
BO-TR,21_3,burned_post,5,0.087,0.035
CG-001,21_3,unburned_post,5,0.202,0.0585
CG-002,21_3,unburned_post,5,0.18,0.0438
CG-003,21_3,unburned_post,5,0.186,0.0501
CG-004,21_3,unburned_post,5,0.273,0.0376
CG-005,21_3,unburned_post,5,0.253,0.0433
CG-006,21_3,unburned_post,5,0.253,0.0475
CG-016,21_3,burned_post,5,0.208,0.0591
CG-017,21_3,unburned_post,5,0.22,0.0406
CG-018,21_3,burned_post,5,0.264,0.0333
CG-019,21_3,unburned_post,5,0.216,0.0385
CG-020,21_3,unburned_post,5,0.258,0.0473
CG-029,21_3,burned_post,5,0.192,0.0539
CG-030,21_3,burned_post,5,0.233,0.0511
CG-031,21_3,unburned_post,5,0.262,0.0432
CG-033,21_3,unburned_post,5,0.284,0.0496
CG-042,21_3,burned_post,5,0.1,0.0337
CG-044,21_3,burned_post,5,0.186,0.0363
CG-045,21_3,burned_post,5,0.197,0.0535
CG-047,21_3,unburned_post,5,0.272,0.041
CG-048,21_3,unburned_post,5,0.261,0.0347
CG-056,21_3,burned_post,5,0.176,0.0496
CG-057,21_3,burned_post,5,0.104,0.0352
CG-058,21_3,burned_post,5,0.143,0.0691
CG-059,21_3,burned_post,5,0.204,0.0375
CG-069,21_3,burned_post,5,0.201,0.0615
CG-070,21_3,burned_post,5,0.153,0.0599
CG-071,21_3,burned_post,5,0.158,0.0378
CG-073,21_3,unburned_post,5,0.272,0.0447
CG-074,21_3,unburned_post,5,0.291,0.0432
CG-075,21_3,unburned_post,5,0.285,0.0386
CG-084,21_3,unburned_post,5,0.321,0.0349
CG-085,21_3,unburned_post,5,0.276,0.0482
CG-088,21_3,unburned_post,5,0.255,0.0527
CG-089,21_3,burned_post,5,0.267,0.0425
CG-090,21_3,unburned_post,5,0.261,0.0518
CG-092,21_3,unburned_post,5,0.296,0.0489
CG-096,21_3,unburned_post,5,0.242,0.0374
CG-097,21_3,unburned_post,5,0.236,0.0714
CG-098,21_3,unburned_post,5,0.266,0.048
CG-102,21_3,unburned_post,5,0.236,0.0442
CG-103,21_3,unburned_post,5,0.219,0.0454
CO-TR,21_3,burned_post,4,0.093,0.0334
DO-CA3,21_3,unburned_post,17,0.081,0.0474
DR-SP2,21_3,burned_post,5,0.05,0.0386
EA-MW2,21_3,unburned_post,17,0.099,0.046
FR-RO,21_3,unburned_post,17,0.118,0.0383
GY-FO,21_3,burned_post,17,0.137,0.0359
IR-ME1,21_3,burned_post,4,0.095,0.039
IRC01,21_3,unburned_post,4,0.072,0.028
IRC02,21_3,unburned_post,4,0.105,0.0377
IRC03,21_3,burned_post,4,0.104,0.037
IRC04,21_3,burned_post,4,0.113,0.0321
IRC05,21_3,burned_post,4,0.093,0.0239
IRC06,21_3,burned_post,4,0.098,0.0368
IRC07,21_3,burned_post,4,0.093,0.0345
IRC09,21_3,burned_post,5,0.082,0.0345
IRC10,21_3,burned_post,4,0.102,0.0351
IRC12,21_3,unburned_post,4,0.094,0.0401
IRC13,21_3,unburned_post,4,0.091,0.0232
LI-ME2,21_3,burned_post,4,0.095,0.039
LO-WE2,21_3,burned_post,17,0.129,0.031
MO-FR1,21_3,unburned_post,17,0.115,0.0399
OR-LO,21_3,burned_post,5,0.09,0.0531
OV-TR,21_3,burned_post,17,0.093,0.0374
RO-CA2,21_3,burned_post,5,0.081,0.0453
SO-GY,21_3,burned_post,17,0.127,0.0437
UP-WE,21_3,burned_post,17,0.114,0.0367
WE-TR1,21_3,burned_post,17,0.131,0.0344
WE-TR3,21_3,burned_post,17,0.126,0.0373
AG-CH,21_4,burned_post,6,0.223,0.0793
AU-TR,21_4,burned_post,5,0.19,0.0728
BO-SP,21_4,burned_post,6,0.225,0.0682
BO-TR,21_4,burned_post,6,0.214,0.0802
CG-001,21_4,unburned_post,6,0.268,0.0771
CG-002,21_4,unburned_post,6,0.277,0.0682
CG-003,21_4,unburned_post,6,0.214,0.077
CG-004,21_4,unburned_post,6,0.269,0.0515
CG-005,21_4,unburned_post,6,0.246,0.0547
CG-006,21_4,unburned_post,6,0.217,0.0725
CG-016,21_4,burned_post,6,0.233,0.0704
CG-017,21_4,unburned_post,6,0.226,0.0456
CG-018,21_4,burned_post,6,0.264,0.048
CG-019,21_4,unburned_post,6,0.204,0.0482
CG-020,21_4,unburned_post,6,0.263,0.0766
CG-029,21_4,burned_post,6,0.189,0.0676
CG-030,21_4,burned_post,6,0.218,0.0661
CG-031,21_4,unburned_post,6,0.236,0.0678
CG-033,21_4,unburned_post,6,0.269,0.0702
CG-042,21_4,burned_post,6,0.109,0.0597
CG-044,21_4,burned_post,6,0.193,0.0675
CG-045,21_4,burned_post,6,0.152,0.0685
CG-047,21_4,unburned_post,6,0.246,0.0671
CG-048,21_4,unburned_post,6,0.25,0.0544
CG-056,21_4,burned_post,6,0.204,0.0821
CG-057,21_4,burned_post,6,0.117,0.0735
CG-058,21_4,burned_post,6,0.128,0.0992
CG-059,21_4,burned_post,6,0.193,0.0449
CG-069,21_4,burned_post,6,0.217,0.0732
CG-070,21_4,burned_post,6,0.15,0.0898
CG-071,21_4,burned_post,6,0.151,0.0515
CG-073,21_4,unburned_post,6,0.243,0.0681
CG-074,21_4,unburned_post,6,0.275,0.075
CG-075,21_4,unburned_post,6,0.279,0.0549
CG-084,21_4,unburned_post,6,0.319,0.0485
CG-085,21_4,unburned_post,6,0.252,0.0668
CG-088,21_4,unburned_post,6,0.271,0.0857
CG-089,21_4,burned_post,6,0.238,0.0594
CG-090,21_4,unburned_post,6,0.245,0.084
CG-092,21_4,unburned_post,6,0.289,0.0685
CG-096,21_4,unburned_post,6,0.244,0.0623
CG-097,21_4,unburned_post,6,0.306,0.0726
CG-098,21_4,unburned_post,6,0.285,0.054
CG-102,21_4,unburned_post,6,0.263,0.0563
CG-103,21_4,unburned_post,6,0.242,0.0701
CO-TR,21_4,burned_post,5,0.205,0.0782
DO-CA3,21_4,unburned_post,18,0.108,0.076
DR-SP2,21_4,burned_post,6,0.155,0.0859
EA-MW2,21_4,unburned_post,18,0.129,0.0461
FR-RO,21_4,unburned_post,18,0.142,0.0421
GY-FO,21_4,burned_post,18,0.146,0.0356
IR-ME1,21_4,burned_post,5,0.17,0.0696
IRC01,21_4,unburned_post,5,0.093,0.0572
IRC02,21_4,unburned_post,5,0.151,0.0557
IRC03,21_4,burned_post,5,0.193,0.0733
IRC04,21_4,burned_post,5,0.181,0.0533
IRC05,21_4,burned_post,5,0.152,0.049
IRC06,21_4,burned_post,5,0.157,0.0546
IRC07,21_4,burned_post,5,0.147,0.0596
IRC09,21_4,burned_post,6,0.208,0.08
IRC10,21_4,burned_post,5,0.192,0.0603
IRC12,21_4,unburned_post,5,0.148,0.0615
IRC13,21_4,unburned_post,5,0.136,0.0309
LI-ME2,21_4,burned_post,5,0.185,0.059
LO-WE2,21_4,burned_post,18,0.157,0.0423
MO-FR1,21_4,unburned_post,18,0.144,0.0437
OR-LO,21_4,burned_post,6,0.189,0.1034
OV-TR,21_4,burned_post,18,0.132,0.0476
RO-CA2,21_4,burned_post,6,0.192,0.0895
SO-GY,21_4,burned_post,18,0.144,0.0569
UP-WE,21_4,burned_post,18,0.145,0.0481
WE-TR1,21_4,burned_post,18,0.16,0.0451
WE-TR3,21_4,burned_post,18,0.16,0.0483
AG-CH,22_1,burned_post,7,0.23,0.024
AU-TR,22_1,burned_post,6,0.26,0.0336
BO-SP,22_1,burned_post,7,0.236,0.0283
BO-TR,22_1,burned_post,7,0.238,0.034
CG-001,22_1,unburned_post,7,0.269,0.0622
CG-002,22_1,unburned_post,7,0.272,0.0359
CG-003,22_1,unburned_post,7,0.274,0.0542
CG-004,22_1,unburned_post,7,0.29,0.0282
CG-005,22_1,unburned_post,7,0.278,0.0306
CG-006,22_1,unburned_post,7,0.285,0.0269
CG-016,22_1,burned_post,7,0.266,0.0475
CG-017,22_1,unburned_post,7,0.227,0.0409
CG-018,22_1,burned_post,7,0.286,0.0236
CG-019,22_1,unburned_post,7,0.246,0.0366
CG-020,22_1,unburned_post,7,0.295,0.0347
CG-029,22_1,burned_post,7,0.229,0.0541
CG-030,22_1,burned_post,7,0.252,0.0575
CG-031,22_1,unburned_post,7,0.286,0.0276
CG-033,22_1,unburned_post,7,0.307,0.036
CG-042,22_1,burned_post,7,0.148,0.0426
CG-044,22_1,burned_post,7,0.27,0.0431
CG-045,22_1,burned_post,7,0.221,0.0416
CG-047,22_1,unburned_post,7,0.296,0.0291
CG-048,22_1,unburned_post,7,0.297,0.0271
CG-056,22_1,burned_post,7,0.274,0.0546
CG-057,22_1,burned_post,7,0.183,0.0432
CG-058,22_1,burned_post,7,0.18,0.0572
CG-059,22_1,burned_post,7,0.222,0.0345
CG-069,22_1,burned_post,7,0.229,0.0524
CG-070,22_1,burned_post,7,0.207,0.0747
CG-071,22_1,burned_post,7,0.197,0.031
CG-073,22_1,unburned_post,7,0.292,0.0279
CG-074,22_1,unburned_post,7,0.296,0.0271
CG-075,22_1,unburned_post,7,0.299,0.0314
CG-084,22_1,unburned_post,7,0.326,0.0247
CG-085,22_1,unburned_post,7,0.291,0.0298
CG-088,22_1,unburned_post,7,0.298,0.0374
CG-089,22_1,burned_post,7,0.289,0.0271
CG-090,22_1,unburned_post,7,0.292,0.028
CG-092,22_1,unburned_post,7,0.305,0.0286
CG-096,22_1,unburned_post,7,0.291,0.0205
CG-097,22_1,unburned_post,7,0.31,0.0458
CG-098,22_1,unburned_post,7,0.289,0.0345
CG-102,22_1,unburned_post,7,0.313,0.0325
CG-103,22_1,unburned_post,7,0.278,0.0298
CO-TR,22_1,burned_post,6,0.251,0.0196
DO-CA3,22_1,unburned_post,19,0.243,0.0369
DR-SP2,22_1,burned_post,7,0.258,0.0288
EA-MW2,22_1,unburned_post,19,0.197,0.0498
FR-RO,22_1,unburned_post,19,0.236,0.0378
GY-FO,22_1,burned_post,19,0.217,0.0242
IR-ME1,22_1,burned_post,6,0.234,0.0256
IRC01,22_1,unburned_post,6,0.217,0.0571
IRC02,22_1,unburned_post,6,0.25,0.0268
IRC03,22_1,burned_post,6,0.255,0.0337
IRC04,22_1,burned_post,6,0.236,0.0396
IRC05,22_1,burned_post,6,0.219,0.0351
IRC06,22_1,burned_post,6,0.224,0.0325
IRC07,22_1,burned_post,6,0.225,0.0349
IRC09,22_1,burned_post,7,0.238,0.0309
IRC10,22_1,burned_post,6,0.26,0.0311
IRC12,22_1,unburned_post,6,0.234,0.0406
IRC13,22_1,unburned_post,6,0.243,0.03
LI-ME2,22_1,burned_post,6,0.254,0.0285
LO-WE2,22_1,burned_post,19,0.243,0.0241
MO-FR1,22_1,unburned_post,19,0.236,0.0356
OR-LO,22_1,burned_post,7,0.221,0.0367
OV-TR,22_1,burned_post,19,0.224,0.0542
RO-CA2,22_1,burned_post,7,0.212,0.0227
SO-GY,22_1,burned_post,19,0.228,0.0301
UP-WE,22_1,burned_post,19,0.245,0.0276
WE-TR1,22_1,burned_post,19,0.248,0.0266
WE-TR3,22_1,burned_post,19,0.247,0.0308
AG-CH,22_2,burned_post,8,0.187,0.0203
AU-TR,22_2,burned_post,7,0.224,0.0257
BO-SP,22_2,burned_post,8,0.182,0.0235
BO-TR,22_2,burned_post,8,0.186,0.0247
CG-001,22_2,unburned_post,8,0.266,0.0853
CG-002,22_2,unburned_post,8,0.232,0.0546
CG-003,22_2,unburned_post,8,0.262,0.0744
CG-004,22_2,unburned_post,8,0.311,0.0305
CG-005,22_2,unburned_post,8,0.306,0.0371
CG-006,22_2,unburned_post,8,0.315,0.0298
CG-016,22_2,burned_post,8,0.267,0.0515
CG-017,22_2,unburned_post,8,0.245,0.0483
CG-018,22_2,burned_post,8,0.318,0.0233
CG-019,22_2,unburned_post,8,0.262,0.0426
CG-020,22_2,unburned_post,8,0.31,0.0454
CG-029,22_2,burned_post,8,0.254,0.0526
CG-030,22_2,burned_post,8,0.277,0.0506
CG-031,22_2,unburned_post,8,0.323,0.0311
CG-033,22_2,unburned_post,8,0.332,0.0401
CG-042,22_2,burned_post,8,0.162,0.0379
CG-044,22_2,burned_post,8,0.3,0.051
CG-045,22_2,burned_post,8,0.262,0.0404
CG-047,22_2,unburned_post,8,0.335,0.0294
CG-048,22_2,unburned_post,8,0.321,0.0388
CG-056,22_2,burned_post,8,0.273,0.0559
CG-057,22_2,burned_post,8,0.204,0.0325
CG-058,22_2,burned_post,8,0.217,0.0482
CG-059,22_2,burned_post,8,0.259,0.0335
CG-069,22_2,burned_post,8,0.252,0.0567
CG-070,22_2,burned_post,8,0.23,0.0655
CG-071,22_2,burned_post,8,0.237,0.0296
CG-073,22_2,unburned_post,8,0.322,0.0298
CG-074,22_2,unburned_post,8,0.335,0.0273
CG-075,22_2,unburned_post,8,0.323,0.0342
CG-084,22_2,unburned_post,8,0.357,0.0275
CG-085,22_2,unburned_post,8,0.329,0.036
CG-088,22_2,unburned_post,8,0.312,0.0353
CG-089,22_2,burned_post,8,0.316,0.0258
CG-090,22_2,unburned_post,8,0.322,0.0302
CG-092,22_2,unburned_post,8,0.32,0.0449
CG-096,22_2,unburned_post,8,0.313,0.0308
CG-097,22_2,unburned_post,8,0.271,0.0762
CG-098,22_2,unburned_post,8,0.288,0.051
CG-102,22_2,unburned_post,8,0.307,0.0524
CG-103,22_2,unburned_post,8,0.291,0.0541
CO-TR,22_2,burned_post,7,0.205,0.0191
DO-CA3,22_2,unburned_post,20,0.172,0.0463
DR-SP2,22_2,burned_post,8,0.195,0.026
EA-MW2,22_2,unburned_post,20,0.177,0.0406
FR-RO,22_2,unburned_post,20,0.207,0.0357
GY-FO,22_2,burned_post,20,0.201,0.0237
IR-ME1,22_2,burned_post,7,0.209,0.0195
IRC01,22_2,unburned_post,7,0.147,0.0296
IRC02,22_2,unburned_post,7,0.2,0.0334
IRC03,22_2,burned_post,7,0.224,0.023
IRC04,22_2,burned_post,7,0.218,0.0326
IRC05,22_2,burned_post,7,0.196,0.0291
IRC06,22_2,burned_post,7,0.201,0.0249
IRC07,22_2,burned_post,7,0.193,0.0265
IRC09,22_2,burned_post,8,0.19,0.0236
IRC10,22_2,burned_post,7,0.227,0.0281
IRC12,22_2,unburned_post,7,0.209,0.0373
IRC13,22_2,unburned_post,7,0.203,0.0256
LI-ME2,22_2,burned_post,7,0.222,0.0228
LO-WE2,22_2,burned_post,20,0.212,0.0254
MO-FR1,22_2,unburned_post,20,0.203,0.0359
OR-LO,22_2,burned_post,8,0.181,0.0272
OV-TR,22_2,burned_post,20,0.178,0.0392
RO-CA2,22_2,burned_post,8,0.19,0.0208
SO-GY,22_2,burned_post,20,0.202,0.0271
UP-WE,22_2,burned_post,20,0.198,0.023
WE-TR1,22_2,burned_post,20,0.214,0.0267
WE-TR3,22_2,burned_post,20,0.201,0.0276
AG-CH,22_3,burned_post,9,0.094,0.0342
AU-TR,22_3,burned_post,8,0.096,0.0357
BO-SP,22_3,burned_post,9,0.102,0.0364
BO-TR,22_3,burned_post,9,0.106,0.0315
CG-001,22_3,unburned_post,9,0.208,0.0575
CG-002,22_3,unburned_post,9,0.183,0.0436
CG-003,22_3,unburned_post,9,0.189,0.0498
CG-004,22_3,unburned_post,9,0.274,0.0376
CG-005,22_3,unburned_post,9,0.255,0.0432
CG-006,22_3,unburned_post,9,0.256,0.0476
CG-016,22_3,burned_post,9,0.215,0.0586
CG-017,22_3,unburned_post,9,0.223,0.0403
CG-018,22_3,burned_post,9,0.267,0.0341
CG-019,22_3,unburned_post,9,0.223,0.0371
CG-020,22_3,unburned_post,9,0.263,0.0446
CG-029,22_3,burned_post,9,0.194,0.0555
CG-030,22_3,burned_post,9,0.238,0.054
CG-031,22_3,unburned_post,9,0.267,0.0431
CG-033,22_3,unburned_post,9,0.287,0.0492
CG-042,22_3,burned_post,9,0.099,0.0344
CG-044,22_3,burned_post,9,0.191,0.0376
CG-045,22_3,burned_post,9,0.205,0.0533
CG-047,22_3,unburned_post,9,0.276,0.0416
CG-048,22_3,unburned_post,9,0.266,0.0352
CG-056,22_3,burned_post,9,0.182,0.0531
CG-057,22_3,burned_post,9,0.115,0.0395
CG-058,22_3,burned_post,9,0.147,0.07
CG-059,22_3,burned_post,9,0.21,0.0371
CG-069,22_3,burned_post,9,0.199,0.0599
CG-070,22_3,burned_post,9,0.156,0.0664
CG-071,22_3,burned_post,9,0.16,0.0385
CG-073,22_3,unburned_post,9,0.276,0.0447
CG-074,22_3,unburned_post,9,0.294,0.0426
CG-075,22_3,unburned_post,9,0.287,0.0391
CG-084,22_3,unburned_post,9,0.322,0.0355
CG-085,22_3,unburned_post,9,0.281,0.0472
CG-088,22_3,unburned_post,9,0.257,0.0523
CG-089,22_3,burned_post,9,0.273,0.0439
CG-090,22_3,unburned_post,9,0.264,0.0517
CG-092,22_3,unburned_post,9,0.3,0.0493
CG-096,22_3,unburned_post,9,0.248,0.037
CG-097,22_3,unburned_post,9,0.234,0.0738
CG-098,22_3,unburned_post,9,0.267,0.0477
CG-102,22_3,unburned_post,9,0.243,0.044
CG-103,22_3,unburned_post,9,0.215,0.0497
CO-TR,22_3,burned_post,8,0.084,0.032
DO-CA3,22_3,unburned_post,21,0.079,0.0461
DR-SP2,22_3,burned_post,9,0.066,0.0395
EA-MW2,22_3,unburned_post,21,0.087,0.0341
FR-RO,22_3,unburned_post,21,0.105,0.0379
GY-FO,22_3,burned_post,21,0.114,0.0323
IR-ME1,22_3,burned_post,8,0.105,0.0349
IRC01,22_3,unburned_post,8,0.067,0.0252
IRC02,22_3,unburned_post,8,0.086,0.0348
IRC03,22_3,burned_post,8,0.095,0.0357
IRC04,22_3,burned_post,8,0.115,0.0291
IRC05,22_3,burned_post,8,0.097,0.0239
IRC06,22_3,burned_post,8,0.116,0.0339
IRC07,22_3,burned_post,8,0.112,0.0317
IRC09,22_3,burned_post,9,0.096,0.0307
IRC10,22_3,burned_post,8,0.103,0.0352
IRC12,22_3,unburned_post,8,0.103,0.0357
IRC13,22_3,unburned_post,8,0.093,0.0244
LI-ME2,22_3,burned_post,8,0.1,0.0392
LO-WE2,22_3,burned_post,21,0.117,0.0305
MO-FR1,22_3,unburned_post,21,0.102,0.0378
OR-LO,22_3,burned_post,9,0.1,0.0531
OV-TR,22_3,burned_post,21,0.089,0.0363
RO-CA2,22_3,burned_post,9,0.098,0.0442
SO-GY,22_3,burned_post,21,0.11,0.0416
UP-WE,22_3,burned_post,21,0.104,0.0359
WE-TR1,22_3,burned_post,21,0.119,0.0344
WE-TR3,22_3,burned_post,21,0.111,0.0379
AG-CH,22_4,burned_post,10,0.235,0.0834
AU-TR,22_4,burned_post,9,0.176,0.0668
BO-SP,22_4,burned_post,10,0.24,0.0802
BO-TR,22_4,burned_post,10,0.233,0.0919
CG-001,22_4,unburned_post,10,0.251,0.082
CG-002,22_4,unburned_post,10,0.232,0.0546
CG-003,22_4,unburned_post,10,0.209,0.087
CG-004,22_4,unburned_post,10,0.263,0.049
CG-005,22_4,unburned_post,10,0.241,0.0534
CG-006,22_4,unburned_post,10,0.204,0.0703
CG-016,22_4,burned_post,10,0.22,0.0724
CG-017,22_4,unburned_post,10,0.235,0.0458
CG-018,22_4,burned_post,10,0.281,0.0491
CG-019,22_4,unburned_post,10,0.197,0.0505
CG-020,22_4,unburned_post,10,0.251,0.0696
CG-029,22_4,burned_post,10,0.213,0.0673
CG-030,22_4,burned_post,10,0.24,0.0622
CG-031,22_4,unburned_post,10,0.241,0.0686
CG-033,22_4,unburned_post,10,0.267,0.0689
CG-042,22_4,burned_post,10,0.128,0.058
CG-044,22_4,burned_post,10,0.191,0.0459
CG-045,22_4,burned_post,10,0.174,0.0741
CG-047,22_4,unburned_post,10,0.251,0.0649
CG-048,22_4,unburned_post,10,0.251,0.0505
CG-056,22_4,burned_post,10,0.174,0.0647
CG-057,22_4,burned_post,10,0.133,0.0644
CG-058,22_4,burned_post,10,0.15,0.1013
CG-059,22_4,burned_post,10,0.233,0.0442
CG-069,22_4,burned_post,10,0.227,0.0634
CG-070,22_4,burned_post,10,0.166,0.0763
CG-071,22_4,burned_post,10,0.196,0.0559
CG-073,22_4,unburned_post,10,0.254,0.0691
CG-074,22_4,unburned_post,10,0.297,0.0747
CG-075,22_4,unburned_post,10,0.287,0.0532
CG-084,22_4,unburned_post,10,0.329,0.0501
CG-085,22_4,unburned_post,10,0.269,0.0676
CG-088,22_4,unburned_post,10,0.27,0.084
CG-089,22_4,burned_post,10,0.235,0.0584
CG-090,22_4,unburned_post,10,0.244,0.0829
CG-092,22_4,unburned_post,10,0.286,0.0671
CG-096,22_4,unburned_post,10,0.24,0.0559
CG-097,22_4,unburned_post,10,0.279,0.0758
CG-098,22_4,unburned_post,10,0.269,0.0626
CG-102,22_4,unburned_post,10,0.252,0.0591
CG-103,22_4,unburned_post,10,0.228,0.06
CO-TR,22_4,burned_post,9,0.199,0.0786
DO-CA3,22_4,unburned_post,22,0.136,0.1124
DR-SP2,22_4,burned_post,10,0.153,0.0832
EA-MW2,22_4,unburned_post,22,0.139,0.0586
FR-RO,22_4,unburned_post,22,0.154,0.0557
GY-FO,22_4,burned_post,22,0.193,0.0683
IR-ME1,22_4,burned_post,9,0.16,0.0672
IRC01,22_4,unburned_post,9,0.133,0.0622
IRC02,22_4,unburned_post,9,0.176,0.0743
IRC03,22_4,burned_post,9,0.185,0.0675
IRC04,22_4,burned_post,9,0.178,0.052
IRC05,22_4,burned_post,9,0.141,0.0548
IRC06,22_4,burned_post,9,0.138,0.059
IRC07,22_4,burned_post,9,0.138,0.0638
IRC09,22_4,burned_post,10,0.202,0.0726
IRC10,22_4,burned_post,9,0.182,0.059
IRC12,22_4,unburned_post,9,0.143,0.0625
IRC13,22_4,unburned_post,9,0.126,0.0359
LI-ME2,22_4,burned_post,9,0.174,0.0611
LO-WE2,22_4,burned_post,22,0.184,0.0524
MO-FR1,22_4,unburned_post,22,0.161,0.0603
OR-LO,22_4,burned_post,10,0.182,0.0793
OV-TR,22_4,burned_post,22,0.171,0.0569
RO-CA2,22_4,burned_post,10,0.204,0.0781
SO-GY,22_4,burned_post,22,0.181,0.0778
UP-WE,22_4,burned_post,22,0.205,0.0692
WE-TR1,22_4,burned_post,22,0.198,0.0568
WE-TR3,22_4,burned_post,22,0.21,0.0561